id,confirmed,policyagreed,deleted,suspended,idnumber,country,lang,firstaccess,lastaccess,lastlogin,currentlogin,lastip,gender,CountryCode
1,1,0,0,0,,Germany,en,0,0,0,0,,Male,DE
20,1,0,0,0,,Germany,en,1549745767,1562935333,1549745767,1562935333,197.215.32.111,Male,DE
15,1,0,0,0,,Germany,en,1549633236,1563537002,1563469481,1563537002,41.184.239.200,Male,DE
36,1,0,0,0,,Ghana,en,1549641288,1559227964,1549651186,1559227892,154.160.1.224,Male,GH
44,1,0,0,0,,Ghana,en,1549637001,1560095090,1557475553,1560094908,129.122.1.14,Male,GH
8,1,0,0,0,,Germany,en,1548920653,1550751302,1548920653,1550751302,93.167.79.75,Male,DE
33,1,0,1,0,,Germany,en,0,0,0,0,,Male,DE
13,1,0,0,0,,Germany,en,0,0,0,0,,Male,DE
98,1,0,0,0,,Ghana,en,1550594652,1563538711,1563474596,1563538711,41.210.9.165,Male,GH
4,1,0,1,0,,Germany,en,0,0,0,0,,Male,DE
6,1,0,1,0,,Germany,en,0,0,0,0,,Male,DE
11,1,0,1,0,,Germany,en,0,0,0,0,,Male,DE
10,1,0,1,0,,Germany,en,0,0,0,0,,Male,DE
28,1,0,0,0,,Germany,en,0,0,0,0,,Male,DE
12,1,0,0,0,,Germany,en,0,0,0,0,,Male,DE
14,1,0,0,0,,Germany,en,0,0,0,0,,Male,DE
17,1,0,0,0,,Germany,en,0,0,0,0,,Male,DE
18,1,0,0,0,,Germany,en,0,0,0,0,,Male,DE
21,1,0,0,0,,Germany,en,0,0,0,0,,Male,DE
23,1,0,0,0,,Germany,en,0,0,0,0,,Male,DE
22,1,0,0,0,,Namibia,en,1563360105,1563361519,0,1563360105,197.188.220.5,Female,NA
26,1,0,0,0,,Germany,en,0,0,0,0,,Male,DE
27,1,0,0,0,,Germany,en,0,0,0,0,,Male,DE
29,1,0,0,0,,Germany,en,0,0,0,0,,Male,DE
19,1,0,0,0,,Germany,en,1549641085,1550821204,1549641085,1550820998,172.104.97.212,Male,DE
38,1,0,0,0,,Kenya,en,1549650203,1559586391,1559573739,1559586391,41.80.26.125,Male,KE
284,1,0,0,0,,Ghana,en,1550528992,1563463891,1562603082,1563463767,41.210.28.77,Female,GH
31,1,0,0,0,,Germany,en,0,0,0,0,,Male,DE
34,1,0,1,0,,Germany,en,0,0,0,0,,Male,DE
512,1,0,0,0,,Ethiopia,en,1557381963,1563362546,1562590587,1563362546,197.156.98.184,Male,ET
35,1,0,1,0,,Germany,en,0,0,0,0,,Male,DE
286,1,0,0,0,,Ghana,en,1550750243,1562276298,1556228060,1562276298,154.160.27.104,Female,GH
318,1,0,0,0,,Zimbabwe,en,1552585155,1553518189,1552585155,1553518189,154.120.229.38,Female,ZW
186,1,0,0,0,,Ethiopia,en,1550339089,1552593872,1550785536,1552593872,196.188.243.161,Female,ET
304,1,0,0,0,,Ghana,en,0,0,0,0,,Male,GH
1020,1,0,0,0,,Liberia,en,0,0,0,0,,Male,LR
769,1,0,0,0,,Zambia,en,0,0,0,0,,Male,ZM
47,1,0,0,0,,Ethiopia,en,1549633241,1553360616,1549651090,1553360616,197.156.95.208,Male,ET
41,1,0,0,0,,Ethiopia,en,1549950234,1549950550,0,1549950234,197.156.95.77,Male,ET
995,1,0,0,0,,Nigeria,en,0,0,0,0,,Male,NG
54,1,0,0,0,,Kenya,en,1549642623,1553364319,1550822253,1553364319,154.79.197.112,Male,KE
49,1,0,0,0,,Ethiopia,en,0,0,0,0,,Male,ET
53,1,0,0,0,,Ethiopia,en,0,0,0,0,,Female,ET
16,1,0,0,0,,Germany,en,1549587868,1550851604,1550778123,1550850192,197.233.121.97,Male,DE
135,1,0,0,0,,Nigeria,en,1550343373,1554403718,1554282407,1554401972,41.190.31.161,Female,NG
46,1,0,0,0,,Ethiopia,en,1549692880,1549806722,1549692880,1549806722,197.156.86.249,Male,ET
69,1,0,0,0,,Ghana,en,1549641094,1549733985,1549719814,1549733884,154.160.6.121,Male,GH
72,1,0,0,0,,Kenya,en,1549744028,1549744321,0,1549744028,105.161.174.29,Male,KE
692,1,0,0,0,,Ghana,en,1556114267,1558093908,1556123094,1558093908,41.215.173.35,Female,GH
59,1,0,0,0,,Ethiopia,en,1549642234,1551257213,1549642234,1551257074,197.156.107.104,Female,ET
75,1,0,0,0,,Nigeria,en,1549749194,1550416714,1549803104,1550413529,197.211.57.23,Male,NG
328,1,0,0,0,,Ghana,en,1552551778,1561360515,1560883827,1561360515,154.160.27.233,Male,GH
37,1,0,0,0,,Nigeria,en,0,0,0,0,,Male,NG
148,1,0,0,0,,Kenya,en,1550332251,1551252788,1551084674,1551252788,197.248.143.218,Male,KE
55,1,0,0,0,,Nigeria,en,1549748958,1550148801,1549748958,1550148690,105.112.11.56,Female,NG
1021,1,0,0,0,,Kenya,en,0,0,0,0,,Female,KE
70,1,0,0,0,,Kenya,en,1549668036,1558965567,1550774592,1558965567,41.79.97.5,Female,KE
58,1,0,0,0,,Rwanda,en,1549703811,1562523988,1559678918,1562523988,41.186.83.154,Male,RW
63,1,0,0,0,,Kenya,en,0,0,0,0,,Male,KE
309,1,0,0,0,,Benin,en,1553119777,1562574707,1553851366,1562574616,197.234.221.30,Male,BJ
66,1,0,0,0,,Ghana,en,0,0,0,0,,Male,GH
74,1,0,0,0,,Ethiopia,en,1549634654,1550823874,1550299557,1550817118,197.156.94.9,Female,ET
143,1,0,0,0,,Nigeria,en,1550331754,1556123834,1553469636,1556123620,197.210.52.73,Male,NG
39,1,0,0,0,,Nigeria,en,1550199506,1553381212,1550849582,1553381088,41.203.78.236,Male,NG
68,1,0,0,0,,Ethiopia,en,1549704725,1554792486,1554262349,1554792224,197.156.124.99,Male,ET
52,1,0,0,0,,Cameroon,en,1549877687,1549897940,1549877687,1549897682,129.0.76.48,Female,CM
71,1,0,0,0,,Rwanda,en,1551310519,1551378921,1551310519,1551374095,41.186.83.152,Male,RW
176,1,0,0,0,,Nigeria,en,1550406681,1559027700,1550751879,1559027700,105.112.112.225,Female,NG
73,1,0,0,0,,Ghana,en,1549635789,1553719075,1552335030,1553717094,41.204.43.182,Male,GH
43,1,0,0,0,,Nigeria,en,1549670956,1558916089,1558607999,1558915746,197.210.8.244,Male,NG
81,1,0,0,0,,Ghana,en,1550423408,1550801558,1550423408,1550800330,41.66.209.28,Male,GH
64,1,0,0,0,,Ethiopia,en,1549635799,1550811943,1549635799,1550811857,196.189.130.9,Male,ET
919,1,0,0,0,,Kenya,en,1560752137,1560756709,0,1560752137,196.107.59.118,Female,KE
734,1,0,0,0,,Ghana,en,1556646841,1556655170,0,1556646841,156.38.115.180,Male,GH
56,1,0,0,0,,South Africa,en,1549634310,1551624746,1549634310,1551623521,105.227.41.109,Female,ZA
170,1,0,0,0,,Madagascar,en,1550375926,1563959289,1563471531,1563959289,105.4.2.243,Female,MG
62,1,0,0,0,,Benin,en,1549650059,1561479832,1559022830,1561479832,197.234.221.142,Female,BJ
94,1,0,0,0,,Ghana,en,1550332103,1551882064,1550769883,1551882064,154.160.3.75,Male,GH
77,1,0,0,0,,Germany,en,1550225786,1559150479,1558943495,1559147271,41.66.194.19,Male,DE
262,1,0,0,0,,Ghana,en,1550516869,1555009373,1554141815,1555009373,212.96.8.180,Male,GH
771,1,0,0,0,,Kenya,en,0,0,0,0,,Female,KE
86,1,0,0,0,,South Africa,en,1550428516,1550828872,1550428516,1550820963,41.50.64.30,Female,ZA
96,1,0,0,0,,Ethiopia,en,1550344453,1550844836,1550840009,1550844214,196.189.31.230,Male,ET
203,1,0,0,0,,Kenya,en,1550587478,1553428678,1550757787,1553427890,154.79.37.0,Female,KE
768,1,0,0,0,,Germany,en,1556648599,1556648599,0,1556648599,2001:a61:3ac8:6601:4a3:9594:43ab:517c,Male,DE
397,1,0,0,0,,Nigeria,en,1556141668,1556184129,1556141668,1556183843,197.210.46.137,Female,NG
67,1,0,0,0,,Ghana,en,1549650933,1550766934,1550766575,1550766837,79.142.66.229,Male,GH
83,1,0,0,0,,Ghana,en,1550740127,1550751207,1550740127,1550746183,41.189.180.141,Female,GH
57,1,0,0,0,,Senegal,en,1549642545,1554074973,1553707050,1554074462,154.124.196.58,Female,SN
93,1,0,0,0,,Nigeria,en,1550429746,1550754302,1550429746,1550754234,105.112.11.213,Male,NG
85,1,0,0,0,,Cameroon,en,1550769365,1550778817,1550774823,1550778026,129.0.76.166,Female,CM
242,1,0,0,0,,Sudan,en,1550399873,1553438754,1553260639,1553437243,102.181.62.117,Female,SD
101,1,0,0,0,,Ethiopia,en,1550363793,1550365196,0,1550363793,197.156.95.101,Male,ET
87,1,0,0,0,,Ghana,en,0,0,0,0,,Male,GH
89,1,0,0,0,,Ghana,en,0,0,0,0,,Female,GH
735,1,0,0,0,,Ghana,en,0,0,0,0,,Male,GH
91,1,0,0,0,,Ghana,en,0,0,0,0,,Female,GH
97,1,0,0,0,,Nigeria,en,0,0,0,0,,Female,NG
270,1,0,0,0,,Cameroon,en,1550420337,1550813813,1550797587,1550812264,129.0.204.106,Female,CM
113,1,0,0,0,,Kenya,en,1550394145,1550825257,1550394145,1550825257,2c0f:fe38:2103:48cb:7966:4c2e:9c8:679c,Male,KE
543,1,0,0,0,,Ghana,en,1556110803,1556110907,0,1556110803,154.160.7.174,Male,GH
129,1,0,0,0,,Ghana,en,1550466956,1550952512,1550597407,1550952341,41.215.171.227,Male,GH
1022,1,0,0,0,,Nigeria,en,0,0,0,0,,Male,NG
106,1,0,0,0,,Nigeria,en,1550332137,1561467514,1552345806,1561467452,105.112.66.254,Male,NG
920,1,0,0,0,,Kenya,en,0,0,0,0,,Female,KE
119,1,0,0,0,,Nigeria,en,1550763836,1551263671,1550788101,1551263259,41.203.78.160,Male,NG
107,1,0,0,0,,Nigeria,en,1550331501,1557247016,1552489838,1557246954,197.210.44.42,Male,NG
178,1,0,0,0,,Nigeria,en,1550483554,1553765692,1550754205,1553765692,197.210.246.222,Male,NG
112,1,0,0,0,,Ethiopia,en,1550419951,1550420169,0,1550419951,197.156.107.210,Male,ET
120,1,0,0,0,,Ethiopia,en,1550493231,1554830920,1554399079,1554830742,197.156.86.137,Male,ET
104,1,0,0,0,,Ethiopia,en,1551146698,1551147437,0,1551146698,197.156.103.188,Male,ET
99,1,0,0,0,,Ghana,en,1550421389,1554545899,1553701361,1554545753,129.122.34.253,Male,GH
128,1,0,0,0,,Nigeria,en,1550567396,1550567870,0,1550567396,154.113.73.58,Male,NG
127,1,0,0,0,,Nigeria,en,1550334722,1553694055,1550834217,1553693901,188.133.155.110,Male,NG
121,1,0,0,0,,Ghana,en,1550583113,1552575560,1550825919,1552568906,196.201.41.229,Female,GH
131,1,0,0,0,,Nigeria,en,1550336981,1551116534,1550777934,1551116364,105.112.36.206,Female,NG
109,1,0,0,0,,Ghana,en,0,0,0,0,,Male,GH
114,1,0,0,0,,Ethiopia,en,0,0,0,0,,Male,ET
117,1,0,0,0,,Rwanda,en,0,0,0,0,,Female,RW
116,1,0,0,0,,Ghana,en,1550341609,1551116841,1550355411,1551115486,41.66.217.101,Male,GH
193,1,0,0,0,,Nigeria,en,1550470288,1550844443,1550766937,1550842503,129.205.112.52,Male,NG
122,1,0,0,0,,Kenya,en,0,0,0,0,,Female,KE
152,1,0,0,0,,Kenya,en,1550401473,1550765399,1550741579,1550765399,154.77.189.63,Female,KE
391,1,0,0,0,,Germany,en,1554463690,1554463889,0,1554463690,88.217.174.125,Male,DE
151,1,0,0,0,,Mauritius,en,1550473978,1552629446,1550473978,1552629147,202.123.28.21,Female,MU
32,1,0,0,0,,Germany,en,1549621679,1557247815,1549649873,1557247574,41.79.216.41,Male,DE
772,1,0,0,0,,Kenya,en,0,0,0,0,,Female,KE
159,1,0,0,0,,Ethiopia,en,1550333633,1553700978,1550834643,1553695433,213.55.95.154,Male,ET
160,1,0,0,0,,Ethiopia,en,1550572896,1551171173,1550572896,1551170831,164.160.186.9,Male,ET
712,1,0,0,0,,Cameroon,en,1556280084,1556280253,0,1556280084,129.0.76.17,Female,CM
141,1,0,0,0,,Ghana,en,1550331477,1556259145,1551722578,1556259023,197.251.240.85,Female,GH
158,1,0,0,0,,Ghana,en,1550767909,1559075881,1559058419,1559075881,41.57.217.80,Female,GH
156,1,0,0,0,,Ghana,en,1550425445,1556109346,1553517032,1556109212,154.160.22.237,Female,GH
1023,1,0,0,0,,Zimbabwe,en,0,0,0,0,,Male,ZW
162,1,0,0,0,,Nigeria,en,1550333929,1550336708,0,1550333929,41.203.78.140,Male,NG
157,1,0,0,0,,Ethiopia,en,1550443174,1550752535,1550443174,1550751422,213.55.85.98,Female,ET
139,1,0,0,0,,Nigeria,en,1550428538,1550746547,1550428538,1550745957,41.190.30.52,Male,NG
153,1,0,0,0,,Nigeria,en,1550345193,1550783829,1550521921,1550783402,197.210.53.173,Male,NG
204,1,0,0,0,BDU0905345UR,Ethiopia,en,1550341189,1553833970,1550883811,1553833224,213.55.102.49,Male,ET
155,1,0,0,0,,Ghana,en,1550397166,1550397322,0,1550397166,41.66.199.81,Male,GH
136,1,0,0,0,,Nigeria,en,0,0,0,0,,Male,NG
150,1,0,0,0,,Ethiopia,en,1550333164,1550467467,1550333164,1550467036,196.189.130.9,Male,ET
142,1,0,0,0,,Nigeria,en,0,0,0,0,,Female,NG
137,1,0,0,0,,Ghana,en,1551282387,1551811135,1551796633,1551811135,197.251.188.252,Male,GH
144,1,0,0,0,,Ghana,en,1550532367,1550844351,1550780133,1550837469,41.204.44.77,Male,GH
24,1,0,0,0,,Germany,en,1551116755,1561033006,1558500972,1561033006,37.163.247.8,Male,DE
172,1,0,0,0,,Kenya,en,1550481554,1550481752,0,1550481554,41.212.50.169,Male,KE
164,1,0,0,0,,Ethiopia,en,1550336681,1550337991,0,1550336681,196.188.255.142,Male,ET
541,1,0,0,0,,Ghana,en,1557262549,1559065676,1557262549,1559060049,102.176.65.144,Female,GH
123,1,0,0,0,,Ghana,en,1550355485,1563471614,1555838899,1563471256,154.160.27.45,Male,GH
184,1,0,0,0,,Nigeria,en,1550763702,1552621408,1550832088,1552621408,77.68.91.42,Male,NG
175,1,0,0,0,,Nigeria,en,1550393096,1550756863,1550413108,1550756863,105.112.121.79,Male,NG
40,1,0,0,0,,Nigeria,en,1549885155,1553695912,1551947597,1553695912,105.112.43.188,Female,NG
188,1,0,0,0,,Ghana,en,1550332574,1550767769,1550565998,1550767769,41.215.171.194,Male,GH
9,1,0,0,0,,Nigeria,en,1549537148,1561988609,1560351725,1561988548,2003:a:310:a700:b057:c09d:3936:3785,Male,NG
189,1,0,0,0,,Ghana,en,1550487529,1553794737,1552536726,1553789345,154.160.16.223,Male,GH
1024,1,0,0,0,,"Tanzania, UNITED REPUBLIC OF",en,0,0,0,0,,Female,TZ
330,1,0,0,0,,Ghana,en,1552543083,1557251000,1552543083,1557251000,102.176.94.235,Female,GH
180,1,0,0,0,,Nigeria,en,1550332764,1553434563,1550844133,1553432189,154.68.195.180,Female,NG
174,1,0,0,0,,Rwanda,en,1550342283,1557188991,1553146397,1557188991,41.186.83.137,Male,RW
182,1,0,0,0,,Ghana,en,1550390411,1553852855,1553762605,1553852794,41.66.240.14,Male,GH
166,1,0,0,0,,Ghana,en,1550346166,1552404117,1552395124,1552404117,197.251.158.85,Female,GH
169,1,0,0,0,,Ghana,en,1550333117,1550829507,1550333117,1550829507,154.160.11.42,Male,GH
173,1,0,0,0,,Zimbabwe,en,0,0,0,0,,Female,ZW
177,1,0,0,0,,Sierra Leone,en,0,0,0,0,,Male,SL
168,1,0,0,0,,Nigeria,en,1550412199,1551943905,1551900624,1551942849,41.190.31.145,Male,NG
181,1,0,0,0,,Nigeria,en,0,0,0,0,,Female,NG
183,1,0,0,0,,Nigeria,en,0,0,0,0,,Female,NG
187,1,0,0,0,,Nigeria,en,0,0,0,0,,Male,NG
192,1,0,0,0,,Ghana,en,0,0,0,0,,Male,GH
42,1,0,0,0,,Ethiopia,en,1549634495,1558976500,1557823423,1558976253,197.156.95.154,Male,ET
294,1,0,0,0,,Ghana,en,1550393977,1558043405,1557584473,1558040097,102.176.65.150,Female,GH
217,1,0,0,0,,Nigeria,en,1550475654,1559730925,1553857537,1559730925,137.158.98.113,Male,NG
208,1,0,0,0,,Sudan,en,1550334776,1558954346,1550334776,1558953826,41.95.6.69,Female,SD
211,1,0,0,0,,Ghana,en,1550832532,1550837872,0,1550832532,197.251.144.245,Male,GH
924,1,0,0,0,,Ethiopia,en,1560884024,1562679379,1562161464,1562678658,50.7.93.27,Male,ET
194,1,0,0,0,,Ghana,en,1550603021,1553709823,1551174806,1553708636,102.176.94.247,Female,GH
202,1,0,0,0,,Liberia,en,1550402936,1550847053,1550417494,1550846709,154.121.6.130,Male,LR
215,1,0,0,0,,Nigeria,en,1550336276,1562323621,1550751458,1562323426,197.210.60.201,Male,NG
219,1,0,0,0,,Ghana,en,1550333363,1550485428,1550480747,1550481819,197.251.240.217,Female,GH
389,1,0,0,0,,Nigeria,en,0,0,0,0,,Female,NG
220,1,0,0,0,,Ghana,en,1550425477,1551020418,1550425477,1551019953,41.215.169.53,Female,GH
198,1,0,0,0,,Rwanda,en,1551429627,1561309666,1553948577,1561309077,197.243.51.252,Female,RW
2,1,0,0,0,,Germany,en,1548311148,1563554669,1563454127,1563554669,89.204.135.243,Male,DE
213,1,0,0,0,,Nigeria,en,1550482331,1562173095,1553510386,1562172375,102.134.112.209,Male,NG
315,1,0,0,0,,Ethiopia,en,1553449484,1553504792,1553449484,1553504483,197.156.118.247,Female,ET
196,1,0,0,0,,Ethiopia,en,0,0,0,0,,Female,ET
197,1,0,0,0,,Nigeria,en,0,0,0,0,,Male,NG
200,1,0,0,0,,Ghana,en,0,0,0,0,,Male,GH
206,1,0,0,0,,Somalia,en,0,0,0,0,,Male,SO
212,1,0,0,0,,Nigeria,en,0,0,0,0,,Male,NG
216,1,0,0,0,,Ethiopia,en,0,0,0,0,,Female,ET
218,1,0,0,0,,Ghana,en,0,0,0,0,,Female,GH
205,1,0,0,0,,Nigeria,en,1550341453,1550341835,0,1550341453,105.112.36.211,Male,NG
244,1,0,0,0,,Nigeria,en,1550586141,1551421219,1551255929,1551421219,105.112.120.48,Male,NG
618,1,0,0,0,,Nigeria,en,1556515659,1556515833,0,1556515659,129.205.112.121,Female,NG
238,1,0,0,0,,Ghana,en,1550352979,1550352979,0,1550352979,154.160.6.46,Female,GH
384,1,0,0,0,,Egypt,en,1553541566,1559065762,1553541566,1559065693,41.69.32.86,Male,EG
736,1,0,0,0,,Kenya,en,0,0,0,0,,Male,KE
271,1,0,0,0,,Nigeria,en,1550526588,1564584288,1563840996,1564564614,197.210.58.196,Female,NG
236,1,0,0,0,,Ethiopia,en,1550925211,1551538184,1551280181,1551538054,197.156.115.209,Male,ET
227,1,0,0,0,,Nigeria,en,1550428369,1552386157,1550755353,1552381481,41.184.210.202,Male,NG
241,1,0,0,0,,Ghana,en,1550483226,1551694805,1550854920,1551694448,81.199.8.237,Male,GH
225,1,0,0,0,,Rwanda,en,1550437466,1551785425,1550520534,1551784678,197.157.155.222,Male,RW
445,1,0,0,0,,Kenya,en,1556111474,1560342798,1559763967,1560340454,197.136.138.2,Male,KE
251,1,0,0,0,,Ghana,en,1550343840,1550343964,0,1550343840,154.160.5.138,Male,GH
232,1,0,0,0,,Ghana,en,1550594073,1550594732,0,1550594073,196.201.42.98,Female,GH
243,1,0,0,0,,Nigeria,en,1550577091,1550579890,0,1550577091,41.203.112.233,Female,NG
240,1,0,0,0,,Ghana,en,1550426287,1550426600,0,1550426287,41.215.171.188,Female,GH
224,1,0,0,0,,Ghana,en,0,0,0,0,,Male,GH
237,1,0,0,0,,Ghana,en,1550481327,1550780779,1550741803,1550775101,41.215.173.11,Female,GH
229,1,0,0,0,,Nigeria,en,0,0,0,0,,Male,NG
230,1,0,0,0,,Ghana,en,0,0,0,0,,Male,GH
247,1,0,0,0,,Ghana,en,1550505834,1550836352,1550505834,1550834412,197.159.136.46,Female,GH
231,1,0,0,0,,Egypt,en,1551168084,1551188010,0,1551168084,197.161.138.188,Female,EG
248,1,0,0,0,,Ghana,en,0,0,0,0,,Male,GH
249,1,0,0,0,,Ghana,en,0,0,0,0,,Female,GH
235,1,0,0,0,,Kenya,en,1550926584,1550932017,1550926584,1550928916,41.72.208.118,Male,KE
320,1,0,0,0,,Nigeria,en,1552547485,1553504082,1552547485,1553504082,154.118.3.82,Male,NG
115,1,0,0,0,,Nigeria,en,1550335780,1562857758,1562838109,1562856876,41.203.78.26,Male,NG
737,1,0,0,0,,Nigeria,en,1557147311,1557148520,0,1557147311,102.248.230.186,Male,NG
5,1,0,0,0,,Germany,en,1548436923,1561959930,1558878235,1561959869,128.237.146.201,Male,DE
269,1,0,0,0,,Nigeria,en,1552605998,1558961097,1552605998,1558961097,197.210.64.45,Female,NG
256,1,0,0,0,,Kenya,en,1550647744,1550674045,1550647744,1550671085,41.80.174.180,Female,KE
265,1,0,0,0,,Nigeria,en,1550348580,1553704830,1550833843,1553704744,154.113.84.36,Female,NG
280,1,0,0,0,,Rwanda,en,1550431736,1553852859,1553450104,1553852443,197.157.155.16,Male,RW
84,1,0,0,0,,Ghana,en,1550341351,1550862556,1550766114,1550862486,41.66.202.238,Male,GH
263,1,0,0,0,,Rwanda,en,1550822353,1552326404,1550822353,1552326321,105.235.137.104,Female,RW
51,1,0,0,0,,Cameroon,en,1549650314,1551812838,1550984313,1551812376,68.187.231.48,Male,CM
267,1,0,0,0,,Ethiopia,en,1550357384,1552368585,1551112578,1552368585,197.156.77.224,Male,ET
264,1,0,0,0,,Ghana,en,1550419022,1550419728,0,1550419022,154.160.24.51,Male,GH
277,1,0,0,0,,Guinea,en,1550354838,1563366001,1563365161,1563365186,41.242.89.161,Female,GN
748,1,0,0,0,,Ghana,en,1556644153,1558606347,1558242284,1558604224,41.215.171.19,Male,GH
258,1,0,0,0,,Ethiopia,en,1550334290,1551852560,1551678543,1551852560,196.189.95.213,Female,ET
273,1,0,0,0,,Ghana,en,1550331615,1553517121,1552389172,1553517121,41.66.203.51,Male,GH
228,1,0,0,0,,Nigeria,en,1550475081,1564059436,1563973516,1564055474,197.255.1.58,Male,NG
257,1,0,0,0,,Nigeria,en,0,0,0,0,,Female,NG
260,1,0,0,0,,Ethiopia,en,1550524188,1550932299,1550863185,1550931102,196.189.191.194,Male,ET
276,1,0,0,0,,"Tanzania, UNITED REPUBLIC OF",en,0,0,0,0,,Male,TZ
279,1,0,0,0,,Cameroon,en,0,0,0,0,,Female,CM
278,1,0,0,0,,Ghana,en,1550332554,1551359090,1550827835,1551353716,41.66.203.41,Female,GH
291,1,0,0,0,,Benin,en,1550356798,1550770606,1550356798,1550769678,41.85.161.141,Female,BJ
100,1,0,0,0,,Ethiopia,en,1550331840,1550559004,1550558119,1550558170,197.156.103.208,Male,ET
289,1,0,0,0,,Ghana,en,1550504207,1554284662,1554110258,1554284662,41.210.15.22,Male,GH
45,1,0,0,0,,Ghana,en,1549640140,1563449440,1559592682,1563449440,154.160.21.109,Female,GH
287,1,0,0,0,,Ghana,en,1550350870,1553693813,1553693660,1553693813,41.210.7.70,Female,GH
82,1,0,0,0,,Kenya,en,1552572473,1552572673,0,1552572473,196.201.228.186,Female,KE
299,1,0,0,0,,Ghana,en,1550950977,1554411293,1554375833,1554410924,41.210.13.93,Male,GH
285,1,0,0,0,,Ghana,en,1550333331,1550760018,1550432982,1550757895,41.210.17.206,Male,GH
103,1,0,0,0,,Ghana,en,1550426275,1563212926,1557252773,1563212926,154.160.1.64,Male,GH
296,1,0,0,0,,Ghana,en,1550402325,1551395172,1551285636,1551394782,154.160.11.247,Female,GH
147,1,0,0,0,,Ethiopia,en,1550338466,1563488180,1563216447,1563488111,197.156.86.243,Male,ET
292,1,0,0,0,,Nigeria,en,1550338778,1550346056,0,1550338778,105.235.137.113,Male,NG
298,1,0,0,0,,Ghana,en,1550339135,1552591636,1550772168,1552588149,129.122.16.143,Male,GH
301,1,0,0,0,,Ghana,en,1550431674,1551261127,1550829480,1551259197,41.210.5.82,Female,GH
79,1,0,0,0,,Kenya,en,0,0,0,0,,Female,KE
254,1,0,0,0,,Nigeria,en,1550361393,1562345935,1562326356,1562345662,41.203.73.33,Male,NG
293,1,0,0,0,,Benin,en,1550778336,1552326341,1550821968,1552326102,197.234.221.49,Male,BJ
1026,1,0,0,0,,Rwanda,en,0,0,0,0,,Female,RW
300,1,0,0,0,,Kenya,en,0,0,0,0,,Female,KE
297,1,0,0,0,,Ghana,en,1550603485,1550607292,0,1550603485,154.160.26.116,Female,GH
92,1,0,0,0,,Nigeria,en,1550619772,1550619907,0,1550619772,142.244.191.232,Male,NG
80,1,0,0,0,,Rwanda,en,1550331381,1553783803,1552372159,1553781229,41.186.83.167,Male,RW
78,1,0,0,0,,Ghana,en,1550884938,1550890576,0,1550884938,154.160.4.79,Male,GH
132,1,0,0,0,,Mali,en,1550475165,1553704616,1553512910,1553704616,217.64.111.196,Male,ML
111,1,0,0,0,,Ethiopia,en,0,0,0,0,,Female,ET
214,1,0,0,0,,Nigeria,en,1551114153,1552415195,1551265300,1552415195,197.211.57.76,Male,NG
760,1,0,0,0,,Ghana,en,1556658785,1557368289,1556849860,1557367673,41.66.199.202,Male,GH
594,1,0,0,0,,Ghana,en,1556110785,1562885635,1561078942,1562885219,154.160.0.251,Male,GH
130,1,0,0,0,,Ghana,en,1550440471,1553730133,1553370124,1553730133,105.235.137.237,Male,GH
171,1,0,0,0,,Ghana,en,1550364123,1553519241,1550784937,1553519241,197.251.240.16,Male,GH
163,1,0,0,0,,Nigeria,en,1550332964,1550333820,0,1550332964,105.112.28.85,Female,NG
154,1,0,0,0,,Benin,en,0,0,0,0,,Female,BJ
125,1,0,0,0,,Nigeria,en,1550336998,1562329359,1550764388,1562329359,41.75.86.174,Male,NG
118,1,0,0,0,,Kenya,en,1550465531,1556275577,1554720597,1556275445,197.248.44.114,Female,KE
161,1,0,0,0,,Ghana,en,1550741348,1554340037,1553510678,1554339819,95.85.16.87,Male,GH
140,1,0,0,0,,Nigeria,en,1550524375,1551391655,1551074586,1551391264,105.112.75.235,Male,NG
207,1,0,0,0,,Benin,en,1550771328,1550771970,0,1550771328,197.234.221.80,Male,BJ
221,1,0,0,0,,Ghana,en,1550339932,1552685023,1552664446,1552685023,41.66.199.44,Female,GH
191,1,0,0,0,,Nigeria,en,0,0,0,0,,Male,NG
133,1,0,0,0,,Ghana,en,1550340991,1555188366,1553245861,1555188112,102.176.65.21,Male,GH
303,1,0,0,0,,Ghana,en,1550510715,1562333502,1553710917,1562333215,197.251.240.164,Female,GH
226,1,0,0,0,,Ghana,en,1550422287,1550422425,0,1550422287,41.57.217.3,Female,GH
134,1,0,0,0,,Ghana,en,1550759827,1550760330,0,1550759827,41.215.172.24,Male,GH
124,1,0,0,0,,Cameroon,en,1550342700,1550343639,0,1550342700,41.113.75.79,Female,CM
105,1,0,0,0,,Ethiopia,en,1550489074,1555854690,1554144086,1555853739,196.189.127.133,Female,ET
195,1,0,0,0,,Rwanda,en,1553957768,1553964296,0,1553957768,41.138.87.72,Female,RW
223,1,0,0,0,,Ghana,en,1550393640,1552381903,1550393640,1552380163,41.218.208.240,Male,GH
413,1,0,0,0,,Uganda,en,1556175532,1556176129,0,1556175532,196.43.135.71,Female,UG
261,1,0,0,0,,Madagascar,en,1550760479,1550761377,1550760479,1550760879,105.235.137.243,Female,MG
272,1,0,0,0,,Kenya,en,1550469518,1554959395,1554443637,1554959395,216.66.93.248,Female,KE
288,1,0,0,0,,Ghana,en,1550763167,1559059935,1550763167,1559059935,41.189.187.18,Female,GH
239,1,0,0,0,,Ghana,en,1550744184,1552396876,1550762464,1552396034,41.66.203.222,Female,GH
110,1,0,0,0,,Ethiopia,en,1559116007,1559116052,1559116007,1559116052,197.156.68.61,Female,ET
253,1,0,0,0,,Ghana,en,1550492678,1553791031,1553768214,1553783652,41.74.84.2,Female,GH
281,1,0,0,0,,Cameroon,en,1550652393,1550824426,1550652393,1550824129,154.72.168.89,Female,CM
283,1,0,0,0,,Zimbabwe,en,0,0,0,0,,Male,ZW
302,1,0,0,0,,Kenya,en,1550806210,1550806284,0,1550806210,212.49.84.246,Male,KE
388,1,0,0,0,,Nigeria,en,1552634596,1552635033,0,1552634596,105.112.16.41,Male,NG
268,1,0,0,0,,Mauritius,en,1550338347,1553419463,1553262892,1553418859,197.227.169.18,Male,MU
252,1,0,0,0,,Ghana,en,1550332791,1550755844,1550751581,1550755300,197.253.75.3,Female,GH
275,1,0,0,0,,Kenya,en,1550508580,1550996585,1550769486,1550994530,102.166.189.116,Female,KE
295,1,0,0,0,,Ghana,en,1550487453,1550765052,1550745116,1550763956,197.255.122.108,Female,GH
739,1,0,0,0,,Ghana,en,0,0,0,0,,Male,GH
324,1,0,0,0,,Cameroon,en,0,0,0,0,,Female,CM
325,1,0,0,0,,Nigeria,en,0,0,0,0,,Male,NG
326,1,0,0,0,,Cameroon,en,0,0,0,0,,Male,CM
245,1,0,0,0,,Rwanda,en,0,0,0,0,,Female,RW
255,1,0,0,0,,Kenya,en,1550664124,1550753571,1550664124,1550746984,197.237.117.85,Female,KE
108,1,0,0,0,,Botswana,en,1550471221,1551088890,1550471221,1551088890,165.125.178.19,Female,BW
744,1,0,0,0,,Nigeria,en,1556664127,1556665389,0,1556664127,197.210.54.172,Male,NG
437,1,0,0,0,,Ghana,en,1556531322,1556553288,1556541897,1556553222,102.176.89.178,Female,GH
233,1,0,0,0,,Ghana,en,1550752275,1552577084,1552381638,1552563740,196.44.99.179,Male,GH
864,1,0,0,0,,Kenya,en,1558000825,1558000913,0,1558000825,105.56.162.202,Male,KE
410,1,0,0,0,,Nigeria,en,1556129659,1564597556,1564594410,1564596689,197.210.55.107,Male,NG
334,1,0,0,0,,Ethiopia,en,1553172749,1554096800,1553894071,1554096800,197.156.103.30,Male,ET
686,1,0,0,0,,Nigeria,en,1556114063,1563104659,1561279201,1563103209,197.211.53.242,Male,NG
612,1,0,0,0,,Ethiopia,en,1556629234,1556629782,0,1556629234,196.189.255.254,Male,ET
428,1,0,0,0,,"Congo, Democratic Republic of the",en,1556113154,1562769985,1562590662,1562769985,197.214.141.24,Male,CD
873,1,0,0,0,,Nigeria,en,1558005042,1559158530,1559158479,1559158530,197.210.45.175,Female,NG
740,1,0,0,0,,Zimbabwe,en,1556808826,1556808826,0,1556808826,209.88.91.222,Male,ZW
76,1,0,1,0,,Germany,,0,0,0,0,0,Male,DE
333,1,0,0,0,,Rwanda,en,1552562157,1552562914,0,1552562157,154.68.126.254,Male,RW
723,1,0,0,0,,Ethiopia,en,1556281947,1559815487,1559734808,1559815247,196.189.88.135,Male,ET
329,1,0,0,0,,Nigeria,en,0,0,0,0,,Male,NG
872,1,0,0,0,,Ghana,en,0,0,0,0,,Female,GH
335,1,0,0,0,,Ghana,en,0,0,0,0,,Female,GH
336,1,0,0,0,,Gabon,en,0,0,0,0,,Male,GA
337,1,0,0,0,,Ethiopia,en,0,0,0,0,,Female,ET
338,1,0,0,0,,Rwanda,en,0,0,0,0,,Male,RW
386,1,0,0,0,,Nigeria,en,1552597471,1553181755,1553181237,1553181290,154.66.15.137,Male,NG
332,1,0,0,0,,Nigeria,en,1552581160,1555510037,1553358232,1555510037,197.210.221.250,Female,NG
88,1,0,0,0,,Nigeria,en,1550351079,1556354779,1555179533,1556352422,129.205.113.139,Male,NG
683,1,0,0,0,,Nigeria,en,1556110998,1559859126,1558357474,1559857508,197.210.45.34,Male,NG
367,1,0,0,0,,Nigeria,en,1553717398,1555087387,1555087382,1555087387,41.203.72.208,Male,NG
61,1,0,0,0,,Ghana,en,1549638636,1559117991,1556572664,1559117870,41.66.205.228,Female,GH
363,1,0,0,0,,Ghana,en,1552588685,1555701428,1554930743,1555701428,41.242.137.38,Female,GH
632,1,0,0,0,,Ghana,en,1556112052,1556117938,0,1556112052,197.253.70.168,Male,GH
357,1,0,0,0,,Nigeria,en,1553372514,1553373105,0,1553372514,105.112.97.51,Male,NG
350,1,0,0,0,,Lesotho,en,1562337951,1562338027,0,1562337951,129.232.93.101,Female,LS
356,1,0,0,0,,Ghana,en,1552549794,1552566596,1552549794,1552550006,154.160.30.71,Female,GH
971,1,0,0,0,,Germany,en,0,0,0,0,,Male,DE
343,1,0,0,0,,Nigeria,en,1552557771,1552613819,1552603807,1552613819,154.66.15.34,Male,NG
517,1,0,0,0,,Ethiopia,en,1556112940,1562685416,1556112940,1562685104,197.156.95.123,Male,ET
353,1,0,0,0,,Ghana,en,1552562647,1556657426,1554349214,1556657211,154.160.2.42,Male,GH
354,1,0,0,0,,Nigeria,en,1552647777,1558966163,1557528538,1558966163,105.112.74.128,Female,NG
345,1,0,0,0,,Nigeria,en,0,0,0,0,,Female,NG
352,1,0,0,0,,Ghana,en,0,0,0,0,,Male,GH
358,1,0,0,0,,Ghana,en,0,0,0,0,,Female,GH
373,1,0,0,0,,Kenya,en,1552535080,1552537334,0,1552535080,197.176.45.178,Male,KE
360,1,0,0,0,,Nigeria,en,0,0,0,0,,Male,NG
364,1,0,0,0,,Nigeria,en,0,0,0,0,,Male,NG
365,1,0,0,0,,Nigeria,en,0,0,0,0,,Male,NG
366,1,0,0,0,,Nigeria,en,0,0,0,0,,Male,NG
348,1,0,0,0,,Kenya,en,1552543591,1552848687,1552835074,1552848687,197.232.27.17,Male,KE
659,1,0,0,0,,Ghana,en,1561483312,1563391263,1561483312,1563391109,102.176.94.165,Male,GH
921,1,0,0,0,,Ethiopia,en,1560882295,1560884945,0,1560882295,196.189.25.49,Male,ET
381,1,0,0,0,,Nigeria,en,1552552951,1563200869,1562591357,1563200869,154.118.35.215,Male,NG
305,1,0,0,0,,Ghana,en,1552530930,1552573540,1552571357,1552572465,197.251.240.25,Male,GH
375,1,0,0,0,,Kenya,en,1552581561,1552585042,0,1552581561,197.248.177.154,Female,KE
374,1,0,0,0,,Nigeria,en,1552560127,1553363979,1553277925,1553363822,105.112.38.247,Male,NG
313,1,0,0,0,,Ghana,en,1552525038,1562029601,1552525038,1562029146,41.218.223.144,Male,GH
308,1,0,0,0,,Rwanda,en,1553530486,1553530677,0,1553530486,197.157.136.44,Male,RW
676,1,0,0,0,,Rwanda,en,1556116255,1557251105,1556116255,1557250751,41.138.87.75,Male,RW
382,1,0,0,0,,Nigeria,en,1552578456,1558955855,1558702676,1558948108,129.205.113.168,Male,NG
340,1,0,0,0,,Ethiopia,en,1552545036,1558959293,1558952482,1558956471,197.156.107.193,Female,ET
310,1,0,0,0,,Nigeria,en,0,0,0,0,,Male,NG
378,1,0,0,0,,Ghana,en,1552579207,1554195805,1554111586,1554195805,196.44.110.205,Female,GH
312,1,0,0,0,,Rwanda,en,0,0,0,0,,Male,RW
314,1,0,0,0,,Kenya,en,0,0,0,0,,Male,KE
316,1,0,0,0,,Nigeria,en,0,0,0,0,,Female,NG
370,1,0,0,0,,Nigeria,en,1557307144,1557308616,0,1557307144,196.1.187.66,Male,NG
234,1,0,0,0,,Rwanda,en,1550486900,1562157968,1562073870,1562156383,197.243.10.202,Male,RW
371,1,0,0,0,,Ethiopia,en,0,0,0,0,,Male,ET
376,1,0,0,0,,Kenya,en,1552547336,1553437281,1553436541,1553436577,9.1.2.3,Male,KE
307,1,0,0,0,,Nigeria,en,1552667511,1552691728,1552667511,1552684585,129.205.112.138,Female,NG
311,1,0,0,0,,Cameroon,en,1552538536,1553701103,1553504601,1553701016,41.205.66.164,Male,CM
380,1,0,0,0,,Ghana,en,0,0,0,0,,Female,GH
377,1,0,0,0,,Nigeria,en,1552543048,1556655799,1553763447,1553764453,129.205.112.134,Male,NG
342,1,0,0,0,,Rwanda,en,1552547666,1555227766,1552585404,1555227696,41.186.83.152,Male,RW
416,1,0,0,0,,Ghana,en,1556690769,1561473790,1556690769,1561473550,41.215.163.2,Female,GH
321,1,0,0,0,,Nigeria,en,0,0,0,0,,Male,NG
372,1,0,0,0,,Nigeria,en,1552523880,1556115385,1554297600,1556115261,41.190.30.73,Male,NG
323,1,0,0,0,,Ghana,en,0,0,0,0,,Male,GH
327,1,0,0,0,,Ethiopia,en,0,0,0,0,,Male,ET
222,1,0,0,0,,Ghana,en,1550331596,1553708854,1553528240,1553708728,102.176.94.124,Male,GH
259,1,0,0,0,,Ghana,en,1550353214,1559126910,1557936951,1559126828,197.255.127.159,Female,GH
355,1,0,0,0,,Nigeria,en,0,0,0,0,,Male,NG
349,1,0,0,0,,Kenya,en,1552543758,1556280649,1552652997,1556280649,197.237.213.174,Female,KE
368,1,0,0,0,,Nigeria,en,0,0,0,0,,Male,NG
319,1,0,0,0,,Ghana,en,1552523679,1553494367,1553493884,1553494295,102.176.94.235,Female,GH
322,1,0,0,0,,Cameroon,en,1552893328,1552893478,0,1552893328,41.204.75.10,Female,CM
210,1,0,0,0,,Kenya,en,1550336937,1555918863,1553350750,1553350808,41.186.83.152,Male,KE
783,1,0,0,0,,Ethiopia,en,0,0,0,0,,Female,ET
346,1,0,0,0,,Rwanda,en,1552540671,1554102073,1553712749,1554101912,41.186.83.142,Female,RW
869,1,0,0,0,,Ghana,en,1558103975,1563856651,1563337558,1563856140,154.160.25.65,Male,GH
339,1,0,0,0,,Ethiopia,en,1552922117,1554459546,1554271213,1554458745,197.156.103.25,Female,ET
359,1,0,0,0,,Nigeria,en,1552523060,1553461910,1553363222,1553461806,129.205.113.147,Male,NG
379,1,0,0,0,,Ghana,en,1552664449,1552669098,0,1552664449,41.191.246.122,Male,GH
331,1,0,0,0,,Ghana,en,1552550657,1563531437,1560786358,1563531437,156.38.120.34,Female,GH
344,1,0,0,0,,Ghana,en,1552605378,1564180105,1564171770,1564179782,154.160.11.155,Female,GH
387,1,0,0,0,,Nigeria,en,1552621162,1554366919,1554357797,1554365146,197.210.54.56,Male,NG
282,1,0,0,0,,Cameroon,en,1550357264,1553368497,1553363193,1553368497,129.0.76.242,Female,CM
95,1,0,0,0,,Ethiopia,en,1550332616,1563471359,1563355542,1563471278,196.189.57.17,Male,ET
983,1,0,0,0,,Ethiopia,en,0,0,0,0,,Male,ET
419,1,0,0,0,,Ghana,en,1556301817,1556378438,1556301817,1556377435,197.255.127.159,Female,GH
400,1,0,0,0,,Sudan,en,1556110742,1563809829,1563434062,1563809621,196.202.155.22,Female,SD
420,1,0,0,0,,Ghana,en,1556130714,1558807741,1558290189,1558807340,154.160.6.189,Male,GH
306,1,0,0,0,,Nigeria,en,1552574947,1563434995,1562695848,1563434995,41.203.78.41,Male,NG
423,1,0,0,0,,Nigeria,en,1556128615,1557372420,1556784307,1557371864,197.210.44.158,Male,NG
421,1,0,0,0,,Ghana,en,1556217509,1556828940,1556307612,1556825990,217.105.15.202,Female,GH
564,1,0,0,0,,Nigeria,en,1556110565,1558949611,1556110565,1558948587,197.210.53.212,Female,NG
418,1,0,0,0,,Ghana,en,0,0,0,0,,Male,GH
431,1,0,0,0,,Nigeria,en,1556110574,1557392697,1556110574,1557391733,41.203.77.202,Female,NG
425,1,0,0,0,,Nigeria,en,0,0,0,0,,Male,NG
426,1,0,0,0,,Kenya,en,0,0,0,0,,Male,KE
430,1,0,0,0,,Kenya,en,0,0,0,0,,Female,KE
918,1,0,0,0,,Ghana,en,1559659623,1562336012,1562314626,1562336012,2003:a:310:a700:8cdc:7789:53c:8059,Female,GH
60,1,0,0,0,,Nigeria,en,1549664500,1562360475,1562332712,1562355834,154.66.14.69,Male,NG
392,1,0,0,0,,Nigeria,en,1556113172,1558303607,1556113172,1558302319,41.203.78.152,Male,NG
266,1,0,0,0,,Nigeria,en,1550336694,1564618472,1562282235,1564615665,41.203.73.55,Male,NG
424,1,0,0,0,,Ghana,en,1556121254,1562161387,1558905568,1562161387,41.66.209.90,Male,GH
532,1,0,0,0,,Ghana,en,1558998636,1558998702,0,1558998636,197.220.169.135,Female,GH
393,1,0,0,0,,Nigeria,en,0,0,0,0,,Male,NG
394,1,0,0,0,,Nigeria,en,1556229622,1556255395,1556229622,1556255395,105.112.11.241,Male,NG
138,1,0,0,0,,Ghana,en,1550348507,1558949455,1554132823,1558949455,197.251.240.15,Male,GH
738,1,0,0,0,,Zimbabwe,en,1556776894,1556779757,0,1556776894,209.88.88.14,Female,ZW
399,1,0,0,0,,Ghana,en,0,0,0,0,,Male,GH
401,1,0,0,0,,Gambia,en,0,0,0,0,,Male,GM
407,1,0,0,0,,Ghana,en,1556116595,1556116823,0,1556116595,41.210.49.67,Female,GH
403,1,0,0,0,,Ghana,en,0,0,0,0,,Male,GH
417,1,0,0,0,,Ghana,en,1556112675,1557302110,1556112675,1557301934,197.255.118.134,Female,GH
405,1,0,0,0,,Ghana,en,0,0,0,0,,Female,GH
656,1,0,0,0,,Sierra Leone,en,1556116716,1560772469,1559143789,1560772469,102.143.10.129,Male,SL
402,1,0,0,0,,Ghana,en,1556110406,1562324575,1556110406,1562324506,129.122.16.43,Male,GH
408,1,0,0,0,,Nigeria,en,0,0,0,0,,Female,NG
406,1,0,0,0,,Ethiopia,en,1556120570,1558915382,1557249915,1558915382,197.156.118.250,Male,ET
412,1,0,0,0,,Nigeria,en,0,0,0,0,,Female,NG
396,1,0,0,0,,Nigeria,en,1556127586,1562179969,1556127586,1562179825,105.112.36.198,Male,NG
415,1,0,0,0,,Nigeria,en,0,0,0,0,,Male,NG
398,1,0,0,0,,Nigeria,en,1556195921,1557507137,1556195921,1557506999,105.112.23.69,Male,NG
433,1,0,0,0,,Nigeria,en,1556115014,1561468851,1556115014,1561468352,102.134.115.97,Male,NG
429,1,0,0,0,,Kenya,en,0,0,0,0,,Female,KE
404,1,0,0,0,,Benin,en,1556128151,1557224841,1556128151,1557223564,41.85.184.22,Male,BJ
422,1,0,0,0,,Zimbabwe,en,1556111151,1556112899,0,1556111151,41.220.17.138,Female,ZW
414,1,0,0,0,,Kenya,en,1556524415,1556525808,0,1556524415,196.1.132.15,Female,KE
461,1,0,0,0,,Rwanda,en,1556469255,1558956956,1557061904,1558956886,197.157.165.163,Female,RW
443,1,0,0,0,,Cameroon,en,1556110871,1556173007,1556110871,1556172860,41.202.219.73,Male,CM
455,1,0,0,0,,"Tanzania, UNITED REPUBLIC OF",en,1556223194,1561687956,1556223194,1561687720,169.255.184.61,Male,TZ
90,1,0,0,0,,Nigeria,en,1550351701,1563360965,1562740072,1563360531,197.210.8.127,Male,NG
435,1,0,0,0,,Ghana,en,0,0,0,0,,Male,GH
436,1,0,0,0,,Ghana,en,1556220470,1557502129,1556222803,1557501854,197.251.240.55,Male,GH
438,1,0,0,0,,Nigeria,en,0,0,0,0,,Male,NG
439,1,0,0,0,,"Congo, Democratic Republic of the",en,0,0,0,0,,Male,CD
451,1,0,0,0,,Nigeria,en,1556128518,1556129218,0,1556128518,129.205.113.142,Female,NG
441,1,0,0,0,,Ghana,en,0,0,0,0,,Male,GH
442,1,0,0,0,,Nigeria,en,0,0,0,0,,Male,NG
452,1,0,0,0,,Nigeria,en,1556125144,1556126752,0,1556125144,41.190.30.218,Female,NG
444,1,0,0,0,,Nigeria,en,0,0,0,0,,Male,NG
448,1,0,0,0,,Nigeria,en,1557039107,1557040904,0,1557039107,41.203.78.114,Female,NG
446,1,0,0,0,,Nigeria,en,0,0,0,0,,Male,NG
447,1,0,0,0,,Nigeria,en,0,0,0,0,,Male,NG
440,1,0,0,0,,Nigeria,en,1556115750,1558444202,1558044878,1558435728,129.205.113.175,Male,NG
586,1,0,0,0,,Ghana,en,1556113053,1564421913,1563534079,1564416242,197.220.169.151,Male,GH
450,1,0,0,0,,"Congo, Democratic Republic of the",en,0,0,0,0,,Male,CD
454,1,0,0,0,,Rwanda,en,0,0,0,0,,Prefer not to say,RW
456,1,0,0,0,,Malawi,en,0,0,0,0,,Male,MW
432,1,0,0,0,,Nigeria,en,1556111014,1556111153,0,1556111014,197.210.55.0,Male,NG
770,1,0,0,0,,Ghana,en,1556823401,1556824414,0,1556823401,154.68.195.180,Female,GH
713,1,0,0,0,,Nigeria,en,1556987904,1556987904,0,1556987904,105.112.106.94,Male,NG
479,1,0,0,0,,Ghana,en,1558267584,1558267667,0,1558267584,154.160.25.236,Female,GH
457,1,0,0,0,,Uganda,en,0,0,0,0,,Male,UG
458,1,0,0,0,,Nigeria,en,0,0,0,0,,Male,NG
476,1,0,0,0,,Ghana,en,1558954208,1559058984,1558954208,1559058984,80.87.68.54,Female,GH
465,1,0,0,0,,Ghana,en,1562505188,1562505338,0,1562505188,41.66.209.48,Male,GH
473,1,0,0,0,,Ethiopia,en,1556185565,1561632469,1561631217,1561631410,213.55.95.132,Male,ET
274,1,0,0,0,,Ghana,en,1550369875,1562881757,1556642174,1562879648,156.0.143.178,Male,GH
460,1,0,0,0,,Ethiopia,en,0,0,0,0,,Male,ET
462,1,0,0,0,,"Tanzania, UNITED REPUBLIC OF",en,0,0,0,0,,Male,TZ
463,1,0,0,0,,Rwanda,en,0,0,0,0,,Female,RW
466,1,0,0,0,,Ghana,en,0,0,0,0,,Male,GH
469,1,0,0,0,,Ghana,en,0,0,0,0,,Male,GH
471,1,0,0,0,,Ghana,en,0,0,0,0,,Male,GH
472,1,0,0,0,,Nigeria,en,0,0,0,0,,Male,NG
474,1,0,0,0,,Kenya,en,0,0,0,0,,Male,KE
477,1,0,0,0,,Ghana,en,0,0,0,0,,Female,GH
478,1,0,0,0,,Nigeria,en,0,0,0,0,,Male,NG
481,1,0,0,0,,Ghana,en,0,0,0,0,,Female,GH
395,1,0,0,0,,Nigeria,en,1556109186,1556109572,0,1556109186,41.190.16.26,Male,NG
470,1,0,0,0,,Nigeria,en,1556116511,1562163089,1562160716,1562160734,105.235.195.74,Male,NG
453,1,0,0,0,,Nigeria,en,1556128463,1556136717,1556128463,1556133301,129.205.113.136,Male,NG
509,1,0,0,0,,Ethiopia,en,1556114362,1556116766,0,1556114362,197.156.107.97,Female,ET
609,1,0,0,0,,Zimbabwe,en,1558951082,1558951082,0,1558951082,197.229.1.227,Male,ZW
250,1,0,0,0,,Nigeria,en,1550336452,1563501550,1563344519,1563501550,105.112.38.87,Male,NG
497,1,0,0,0,,Ghana,en,1556212111,1558909164,1557247436,1558909103,154.160.25.20,Male,GH
489,1,0,0,0,,Ethiopia,en,1557044188,1562399959,1561208136,1562394337,196.189.24.118,Male,ET
494,1,0,0,0,,Ethiopia,en,1556142318,1556142885,0,1556142318,197.156.103.92,Male,ET
490,1,0,0,0,,Ethiopia,en,1556144744,1556145139,0,1556144744,197.156.71.80,Male,ET
487,1,0,0,0,,Ethiopia,en,0,0,0,0,,Male,ET
488,1,0,0,0,,Nigeria,en,0,0,0,0,,Female,NG
495,1,0,0,0,,Ghana,en,1557265809,1557267148,0,1557265809,102.176.65.39,Male,GH
491,1,0,0,0,,Ethiopia,en,0,0,0,0,,Male,ET
493,1,0,0,0,,Nigeria,en,0,0,0,0,,Male,NG
496,1,0,0,0,,Nigeria,en,0,0,0,0,,Male,NG
498,1,0,0,0,,Ethiopia,en,0,0,0,0,,Male,ET
500,1,0,0,0,,Sierra Leone,en,0,0,0,0,,Male,SL
503,1,0,0,0,,Ethiopia,en,0,0,0,0,,Male,ET
504,1,0,0,0,,Ethiopia,en,0,0,0,0,,Male,ET
506,1,0,0,0,,Ethiopia,en,0,0,0,0,,Male,ET
507,1,0,0,0,,Ghana,en,0,0,0,0,,Male,GH
508,1,0,0,0,,Ethiopia,en,0,0,0,0,,Male,ET
510,1,0,0,0,,Ghana,en,0,0,0,0,,Male,GH
501,1,0,0,0,,Ethiopia,en,1556179657,1556180865,0,1556179657,23.237.16.26,Male,ET
502,1,0,0,0,,Nigeria,en,1563183932,1563197936,1563183932,1563184152,154.68.197.18,Male,NG
533,1,0,0,0,,Ghana,en,1556110660,1556110809,0,1556110660,41.210.2.30,Male,GH
524,1,0,0,0,,Rwanda,en,1556279498,1556279749,0,1556279498,197.243.41.158,Male,RW
896,1,0,0,0,,Nigeria,en,1558885543,1558886245,0,1558885543,41.203.72.227,Female,NG
30,1,0,0,0,,Germany,en,1562827554,1562854254,1562849076,1562854254,41.72.215.2,Male,DE
146,1,0,0,0,117350951,Cameroon,en,1550394870,1559054603,1554817953,1559054603,154.72.150.168,Male,CM
526,1,0,0,0,,Ethiopia,en,1556519739,1556520029,0,1556519739,197.156.103.165,Female,ET
528,1,0,0,0,,Ethiopia,en,1556129765,1556129884,0,1556129765,196.190.127.235,Female,ET
534,1,0,0,0,,Rwanda,en,1556182860,1556185405,0,1556182860,197.243.116.250,Male,RW
525,1,0,0,0,,Ghana,en,1556134968,1556143007,1556134968,1556142905,154.160.2.194,Male,GH
514,1,0,0,0,,Ethiopia,en,0,0,0,0,,Male,ET
516,1,0,0,0,,Ethiopia,en,1556194026,1556194485,0,1556194026,196.188.63.167,Male,ET
520,1,0,0,0,,Ethiopia,en,1557485267,1557487928,0,1557485267,196.188.12.41,Male,ET
518,1,0,0,0,,Ghana,en,0,0,0,0,,Male,GH
519,1,0,0,0,,Ghana,en,0,0,0,0,,Male,GH
523,1,0,0,0,,Nigeria,en,0,0,0,0,,Male,NG
529,1,0,0,0,,Nigeria,en,0,0,0,0,,Female,NG
530,1,0,0,0,,Nigeria,en,0,0,0,0,,Male,NG
531,1,0,0,0,,Ghana,en,0,0,0,0,,Female,GH
536,1,0,0,0,,Ethiopia,en,0,0,0,0,,Male,ET
537,1,0,0,0,,Rwanda,en,0,0,0,0,,Male,RW
538,1,0,0,0,,Eritrea,en,0,0,0,0,,Male,ER
539,1,0,0,0,,Ethiopia,en,0,0,0,0,,Female,ET
540,1,0,0,0,,Ghana,en,0,0,0,0,,Male,GH
568,1,0,0,0,,Nigeria,en,1561480645,1561480829,0,1561480645,197.210.226.30,Male,NG
794,1,0,0,0,,Nigeria,en,1557663794,1558051067,1557663794,1558048912,105.112.74.166,Male,NG
559,1,0,0,0,,Ethiopia,en,1556134324,1562801739,1556134324,1562801676,197.156.86.29,Male,ET
548,1,0,0,0,,Senegal,en,1556119866,1556206972,1556119866,1556198387,41.82.3.178,Male,SN
561,1,0,0,0,,Egypt,en,1556130164,1556130936,0,1556130164,41.236.152.179,Male,EG
565,1,0,0,0,,Nigeria,en,1556145597,1556492206,1556145597,1556491415,196.27.128.5,Male,NG
522,1,0,0,0,,Ethiopia,en,1557270184,1559085190,1557270184,1559084859,197.156.118.162,Male,ET
554,1,0,0,0,,Mauritius,en,1556160957,1556161189,0,1556160957,197.225.172.19,Female,MU
566,1,0,0,0,,Nigeria,en,1556114996,1556115252,0,1556114996,197.210.52.169,Male,NG
555,1,0,0,0,,Kenya,en,1557299189,1557304166,0,1557299189,154.79.241.166,Female,KE
552,1,0,0,0,,Nigeria,en,1556117429,1556117962,0,1556117429,160.152.24.204,Male,NG
567,1,0,0,0,,Ghana,en,1556111058,1557601215,1556921484,1557594501,41.66.202.253,Male,GH
544,1,0,0,0,,Nigeria,en,0,0,0,0,,Male,NG
545,1,0,0,0,,Nigeria,en,0,0,0,0,,Male,NG
546,1,0,0,0,,Nigeria,en,0,0,0,0,,Male,NG
547,1,0,0,0,,Nigeria,en,0,0,0,0,,Male,NG
551,1,0,0,0,,Ethiopia,en,0,0,0,0,,Male,ET
553,1,0,0,0,,Nigeria,en,0,0,0,0,,Male,NG
556,1,0,0,0,,Kenya,en,0,0,0,0,,Female,KE
558,1,0,0,0,,Nigeria,en,0,0,0,0,,Male,NG
560,1,0,0,0,,Benin,en,0,0,0,0,,Male,BJ
562,1,0,0,0,,Ghana,en,0,0,0,0,,Male,GH
570,1,0,0,0,,Malawi,en,0,0,0,0,,Male,MW
578,1,0,0,0,,Ethiopia,en,1557411554,1559139570,1557411554,1559139570,196.189.130.9,Male,ET
655,1,0,0,0,,Ghana,en,1557155842,1559219491,1557155842,1559219491,41.189.187.18,Female,GH
467,1,0,0,0,,Mauritius,en,1556866433,1556866549,0,1556866433,41.136.69.130,Male,MU
595,1,0,0,0,,Ethiopia,en,1556614654,1556616857,0,1556614654,196.188.127.149,Female,ET
598,1,0,0,0,,Nigeria,en,1556123709,1557794514,1556123709,1557793287,197.220.169.158,Male,NG
572,1,0,0,0,,Ghana,en,0,0,0,0,,Male,GH
575,1,0,0,0,,Ethiopia,en,0,0,0,0,,Male,ET
576,1,0,0,0,,Ethiopia,en,0,0,0,0,,Male,ET
577,1,0,0,0,,Cameroon,en,0,0,0,0,,Female,CM
579,1,0,0,0,,Ethiopia,en,0,0,0,0,,Male,ET
583,1,0,0,0,,Ghana,en,0,0,0,0,,Male,GH
585,1,0,0,0,,Ethiopia,en,0,0,0,0,,Male,ET
582,1,0,0,0,,Ethiopia,en,1556114423,1556114557,0,1556114423,196.189.130.9,Male,ET
588,1,0,0,0,,Ghana,en,0,0,0,0,,Male,GH
589,1,0,0,0,,Ethiopia,en,0,0,0,0,,Female,ET
590,1,0,0,0,,Ethiopia,en,0,0,0,0,,Male,ET
592,1,0,0,0,,Nigeria,en,0,0,0,0,,Male,NG
596,1,0,0,0,,Ghana,en,0,0,0,0,,Male,GH
597,1,0,0,0,,Nigeria,en,0,0,0,0,,Male,NG
3,1,0,0,0,,Germany,en,1548424498,1564413335,1564130025,1564412943,2003:a:310:a700:a430:3c15:f1b6:8e1f,Male,DE
584,1,0,0,0,,Nigeria,en,1556110666,1556112686,0,1556110666,197.210.227.13,Male,NG
591,1,0,0,0,,Rwanda,en,1556130144,1563878605,1563789093,1563878605,41.74.173.2,Male,RW
587,1,0,0,0,,Nigeria,en,1556112772,1556113161,0,1556112772,41.203.72.219,Male,NG
710,1,0,0,0,,Nigeria,en,0,0,0,0,,Male,NG
614,1,0,0,0,,Nigeria,en,1562321992,1562322674,0,1562321992,41.203.78.240,Male,NG
608,1,0,0,0,,Kenya,en,1556219726,1557944075,1557264515,1557944075,2c0f:fe38:2021:d7fa:1:2:2900:6acb,Male,KE
620,1,0,0,0,,Ghana,en,1556813741,1556813741,0,1556813741,197.251.199.204,Male,GH
627,1,0,0,0,,Nigeria,en,1561484064,1562159714,1561484064,1562159628,41.203.73.41,Male,NG
903,1,0,0,0,,Kenya,en,1559015812,1559595963,1559015812,1559595047,41.80.126.207,Female,KE
602,1,0,0,0,,"Congo, Democratic Republic of the",en,1558017558,1558017871,0,1558017558,41.138.85.23,Male,CD
603,1,0,0,0,,Ghana,en,1556789274,1556790777,0,1556789274,41.66.209.94,Male,GH
601,1,0,0,0,,Nigeria,en,0,0,0,0,,Male,NG
604,1,0,0,0,,Ethiopia,en,0,0,0,0,,Male,ET
606,1,0,0,0,,Ethiopia,en,0,0,0,0,,Male,ET
617,1,0,0,0,,Rwanda,en,1556117002,1556120505,0,1556117002,105.179.0.234,Male,RW
610,1,0,0,0,,Nigeria,en,0,0,0,0,,Male,NG
613,1,0,0,0,,Kenya,en,0,0,0,0,,Female,KE
616,1,0,0,0,,Nigeria,en,0,0,0,0,,Female,NG
619,1,0,0,0,,Ghana,en,0,0,0,0,,Male,GH
615,1,0,0,0,,Nigeria,en,1556124989,1556940517,1556124989,1556937341,41.217.123.174,Male,NG
621,1,0,0,0,,Ghana,en,0,0,0,0,,Female,GH
622,1,0,0,0,,Nigeria,en,0,0,0,0,,Male,NG
623,1,0,0,0,,Ghana,en,0,0,0,0,,Female,GH
624,1,0,0,0,,Nigeria,en,0,0,0,0,,Male,NG
625,1,0,0,0,,Ghana,en,0,0,0,0,,Female,GH
711,1,0,0,0,,Ethiopia,en,0,0,0,0,,Male,ET
650,1,0,0,0,,Kenya,en,1556112321,1563314174,1562628993,1563314174,154.70.4.245,Male,KE
642,1,0,0,0,,Ghana,en,1556114089,1556114258,0,1556114089,154.160.0.71,Female,GH
385,1,0,0,0,,Nigeria,en,1552600558,1564460220,1563959599,1564459982,41.203.78.139,Male,NG
629,1,0,0,0,,Rwanda,en,0,0,0,0,,Male,RW
633,1,0,0,0,,Ethiopia,en,0,0,0,0,,Male,ET
634,1,0,0,0,,Ethiopia,en,0,0,0,0,,Male,ET
635,1,0,0,0,,Uganda,en,0,0,0,0,,Male,UG
636,1,0,0,0,,Ghana,en,0,0,0,0,,Male,GH
637,1,0,0,0,,Ghana,en,0,0,0,0,,Male,GH
638,1,0,0,0,,Ghana,en,0,0,0,0,,Male,GH
639,1,0,0,0,,Ghana,en,0,0,0,0,,Male,GH
641,1,0,0,0,,Kenya,en,0,0,0,0,,Female,KE
643,1,0,0,0,,Ghana,en,0,0,0,0,,Female,GH
644,1,0,0,0,,Ghana,en,0,0,0,0,,Male,GH
645,1,0,0,0,,Ghana,en,0,0,0,0,,Male,GH
647,1,0,0,0,,Ghana,en,0,0,0,0,,Male,GH
648,1,0,0,0,,Ghana,en,0,0,0,0,,Female,GH
649,1,0,0,0,,Ghana,en,0,0,0,0,,Female,GH
651,1,0,0,0,,Ghana,en,0,0,0,0,,Male,GH
652,1,0,0,0,,Rwanda,en,0,0,0,0,,Male,RW
654,1,0,0,0,,Ghana,en,1556196454,1556202686,0,1556196454,197.255.127.238,Male,GH
630,1,0,0,0,,Ghana,en,1556208256,1556208533,0,1556208256,41.66.202.141,Male,GH
662,1,0,0,0,,Ghana,en,1556116444,1556121224,0,1556116444,102.176.94.195,Male,GH
976,1,0,0,0,,Kenya,en,1562587427,1562588037,0,1562587427,41.80.174.32,Male,KE
682,1,0,0,0,,Nigeria,en,1557254705,1557254787,0,1557254705,41.190.2.209,Male,NG
149,1,0,0,0,,Kenya,en,1550465816,1557492459,1553498102,1557491906,41.138.85.30,Female,KE
672,1,0,0,0,,Rwanda,en,1559077692,1559077692,0,1559077692,41.186.83.72,Male,RW
459,1,0,0,0,,Rwanda,en,1556115572,1556115920,0,1556115572,41.138.85.5,Male,RW
657,1,0,0,0,,Ghana,en,0,0,0,0,,Male,GH
660,1,0,0,0,,Ghana,en,0,0,0,0,,Male,GH
663,1,0,0,0,,Ghana,en,0,0,0,0,,Female,GH
664,1,0,0,0,,Uganda,en,0,0,0,0,,Male,UG
665,1,0,0,0,,Ethiopia,en,0,0,0,0,,Male,ET
666,1,0,0,0,,"Congo, Democratic Republic of the",en,0,0,0,0,,Male,CD
669,1,0,0,0,,Ethiopia,en,0,0,0,0,,Male,ET
670,1,0,0,0,,Gambia,en,1556116034,1556116034,0,1556116034,212.60.90.6,Male,GM
671,1,0,0,0,,Nigeria,en,0,0,0,0,,Male,NG
673,1,0,0,0,,Ghana,en,0,0,0,0,,Female,GH
674,1,0,0,0,,Nigeria,en,0,0,0,0,,Male,NG
677,1,0,0,0,,Algeria,en,0,0,0,0,,Male,DZ
678,1,0,0,0,,Ethiopia,en,0,0,0,0,,Male,ET
679,1,0,0,0,,Ghana,en,0,0,0,0,,Female,GH
680,1,0,0,0,,Uganda,en,0,0,0,0,,Male,UG
667,1,0,0,0,,Rwanda,en,1556186418,1556188549,0,1556186418,41.223.224.10,Male,RW
486,1,0,0,0,,Rwanda,en,1556161165,1562561390,1562552599,1562554954,41.186.25.1,Male,RW
190,1,0,0,0,,Ghana,en,1550488924,1563958524,1563876661,1563958524,196.10.215.1,Female,GH
505,1,0,0,0,,Ghana,en,1561466282,1562789711,1561466282,1562789711,154.160.19.183,Male,GH
482,1,0,0,0,,Ghana,en,0,0,0,0,,Female,GH
483,1,0,0,0,,Ethiopia,en,0,0,0,0,,Female,ET
485,1,0,0,0,,Ethiopia,en,0,0,0,0,,Male,ET
492,1,0,0,0,,Ghana,en,0,0,0,0,,Male,GH
499,1,0,0,0,,Ghana,en,0,0,0,0,,Male,GH
511,1,0,0,0,,Ghana,en,1556114399,1557307147,1556114399,1557306717,154.160.2.184,Male,GH
593,1,0,0,0,,Kenya,en,1558963331,1560240959,1558963331,1560238567,196.207.137.153,Male,KE
515,1,0,0,0,,Ghana,en,0,0,0,0,,Male,GH
521,1,0,0,0,,Ethiopia,en,0,0,0,0,,Male,ET
527,1,0,0,0,,Ethiopia,en,0,0,0,0,,Female,ET
475,1,0,0,0,,Ghana,en,1556111134,1557250609,1556111134,1557250268,154.160.3.90,Male,GH
513,1,0,0,0,,Ghana,en,1556195652,1556196152,0,1556195652,41.66.209.66,Female,GH
550,1,0,0,0,,Ethiopia,en,0,0,0,0,,Male,ET
563,1,0,0,0,,South Africa,en,0,0,0,0,,Male,ZA
571,1,0,0,0,,Nigeria,en,0,0,0,0,,Male,NG
484,1,0,0,0,,Ethiopia,en,1556132415,1556218506,1556132415,1556215583,196.189.130.12,Male,ET
362,1,0,0,0,,Nigeria,en,1552564706,1563511145,1563365508,1563511145,197.210.28.20,Male,NG
535,1,0,0,0,,Ethiopia,en,1556178067,1556178332,0,1556178067,196.188.240.73,Female,ET
569,1,0,0,0,,"Tanzania, UNITED REPUBLIC OF",en,1561561914,1561561914,0,1561561914,41.222.181.70,Male,TZ
542,1,0,0,0,,Rwanda,en,1556178879,1556179388,0,1556178879,41.138.85.29,Female,RW
557,1,0,0,0,,Ghana,en,1556171960,1562971339,1562683431,1562971276,197.251.240.233,Female,GH
341,1,0,0,0,,Ghana,en,1558134361,1561407034,1561327650,1561407034,154.160.17.222,Male,GH
693,1,0,0,0,,Madagascar,en,1556126537,1556126537,0,1556126537,197.158.74.97,Female,MG
706,1,0,0,0,,Egypt,en,1556690793,1557468412,1556690793,1557468412,156.202.240.188,Male,EG
700,1,0,0,0,,Ethiopia,en,1556116846,1556117346,0,1556116846,197.156.86.230,Female,ET
684,1,0,0,0,,"Tanzania, UNITED REPUBLIC OF",en,0,0,0,0,,Male,TZ
685,1,0,0,0,,Nigeria,en,0,0,0,0,,Male,NG
687,1,0,0,0,,Nigeria,en,0,0,0,0,,Female,NG
689,1,0,0,0,,Nigeria,en,0,0,0,0,,Female,NG
690,1,0,0,0,,Kenya,en,0,0,0,0,,Female,KE
691,1,0,0,0,,Zambia,en,0,0,0,0,,Male,ZM
694,1,0,0,0,,Ethiopia,en,0,0,0,0,,Female,ET
696,1,0,0,0,,Kenya,en,0,0,0,0,,Female,KE
697,1,0,0,0,,Ethiopia,en,0,0,0,0,,Male,ET
698,1,0,0,0,,Nigeria,en,0,0,0,0,,Male,NG
699,1,0,0,0,,Nigeria,en,0,0,0,0,,Female,NG
701,1,0,0,0,,Ethiopia,en,0,0,0,0,,Female,ET
703,1,0,0,0,,Ghana,en,0,0,0,0,,Male,GH
704,1,0,0,0,,Ethiopia,en,0,0,0,0,,Female,ET
705,1,0,0,0,,Nigeria,en,0,0,0,0,,Male,NG
707,1,0,0,0,,"Tanzania, UNITED REPUBLIC OF",en,0,0,0,0,,Male,TZ
709,1,0,0,0,,Rwanda,en,0,0,0,0,,Male,RW
715,1,0,0,0,,Nigeria,en,0,0,0,0,,Male,NG
716,1,0,0,0,,Kenya,en,0,0,0,0,,Male,KE
573,1,0,0,0,,Nigeria,en,0,0,0,0,,Male,NG
580,1,0,0,0,,Nigeria,en,0,0,0,0,,Male,NG
717,1,0,0,0,,Kenya,en,0,0,0,0,,Male,KE
599,1,0,0,0,,Nigeria,en,0,0,0,0,,Female,NG
600,1,0,0,0,,Rwanda,en,0,0,0,0,,Female,RW
605,1,0,0,0,,Ethiopia,en,0,0,0,0,,Male,ET
646,1,0,0,0,,Ghana,en,1556625705,1556625928,0,1556625705,197.255.118.229,Male,GH
626,1,0,0,0,,Ethiopia,en,0,0,0,0,,Male,ET
628,1,0,0,0,,Rwanda,en,0,0,0,0,,Male,RW
611,1,0,0,0,,Ghana,en,1556173967,1564216921,1557160162,1564216921,102.176.94.135,Male,GH
640,1,0,0,0,,Ethiopia,en,0,0,0,0,,Female,ET
653,1,0,0,0,,Ghana,en,0,0,0,0,,Male,GH
658,1,0,0,0,,Nigeria,en,1557569140,1557569140,0,1557569140,197.210.45.152,Male,NG
661,1,0,0,0,,Ghana,en,0,0,0,0,,Female,GH
668,1,0,0,0,,Malawi,en,0,0,0,0,,Female,MW
675,1,0,0,0,,Nigeria,en,0,0,0,0,,Female,NG
681,1,0,0,0,,Nigeria,en,0,0,0,0,,Male,NG
409,1,0,0,0,,Ghana,en,1556130690,1564503267,1564502296,1564503267,41.204.51.46,Male,GH
695,1,0,0,0,,Ethiopia,en,0,0,0,0,,Male,ET
702,1,0,0,0,,Ethiopia,en,0,0,0,0,,Male,ET
708,1,0,0,0,,Nigeria,en,0,0,0,0,,Female,NG
688,1,0,0,0,,Nigeria,en,1556113159,1562082013,1561471495,1562076714,129.56.39.97,Male,NG
574,1,0,0,0,,Nigeria,en,1556120254,1556120533,0,1556120254,105.112.120.174,Male,NG
730,1,0,0,0,,Botswana,en,1556289291,1556290137,0,1556289291,168.167.50.75,Female,BW
719,1,0,0,0,,Kenya,en,0,0,0,0,,Male,KE
720,1,0,0,0,,Zimbabwe,en,0,0,0,0,,Male,ZW
721,1,0,0,0,,Ethiopia,en,1556361755,1556525194,1556361755,1556525194,196.188.178.5,Male,ET
733,1,0,0,0,,Ghana,en,1556267791,1557475466,1556267791,1557475466,41.215.173.25,Male,GH
725,1,0,0,0,,Nigeria,en,0,0,0,0,,Male,NG
729,1,0,0,0,,Ghana,en,1556278560,1562072349,1561108536,1562068566,102.176.65.64,Male,GH
361,1,0,0,0,,Nigeria,en,1552597974,1563404117,1563304658,1563400778,154.120.98.155,Male,NG
728,1,0,0,0,,Ethiopia,en,0,0,0,0,,Male,ET
185,1,0,0,0,,Nigeria,en,1550502129,1562588560,1562584660,1562584718,41.78.138.67,Male,NG
714,1,0,0,0,,Ghana,en,1556283676,1558972040,1556283676,1558972040,102.176.65.17,Male,GH
722,1,0,0,0,,Burkina Faso,en,0,0,0,0,,Male,BF
731,1,0,0,0,,Ethiopia,en,0,0,0,0,,Female,ET
468,1,0,0,0,,Nigeria,en,1556112622,1563745245,1556640321,1563745179,169.159.94.75,Male,NG
991,1,0,0,0,,Ghana,en,1562658304,1563761944,1563645393,1563761944,197.255.118.132,Male,GH
726,1,0,0,0,,Nigeria,en,1556361390,1562038114,1556361390,1562037538,197.211.57.132,Male,NG
209,1,0,0,0,,Kenya,en,1550773283,1556356268,1556240394,1556356089,41.90.74.12,Female,KE
727,1,0,0,0,,Kenya,en,1556268150,1556268412,0,1556268150,41.80.0.3,Male,KE
753,1,0,0,0,,Ghana,en,0,0,0,0,,Male,GH
724,1,0,0,0,,Nigeria,en,1556268875,1556269320,0,1556268875,41.217.95.16,Male,NG
718,1,0,0,0,,Nigeria,en,1556275116,1556289327,1556275116,1556288949,105.112.88.173,Male,NG
732,1,0,0,0,,Nigeria,en,1556280588,1556281013,0,1556280588,146.230.0.1,Male,NG
749,1,0,0,0,,Kenya,en,1556705825,1557312846,1556869736,1557312846,197.232.43.131,Male,KE
199,1,0,0,0,,Ghana,en,1550340277,1557767302,1557431820,1557754615,197.159.128.46,Female,GH
759,1,0,0,0,,Nigeria,en,1557756236,1562670548,1557756236,1562670548,196.11.235.80,Male,NG
797,1,0,0,0,,Nigeria,en,0,0,0,0,,Male,NG
754,1,0,0,0,,South Africa,en,1556721475,1559064417,1556721475,1559064417,41.246.27.107,Female,ZA
751,1,0,0,0,,Uganda,en,1556684601,1556684741,0,1556684601,41.210.141.184,Male,UG
765,1,0,0,0,,Ghana,en,1556643608,1556686596,1556643608,1556686530,154.160.7.110,Male,GH
755,1,0,0,0,,Uganda,en,0,0,0,0,,Female,UG
766,1,0,0,0,,Ghana,en,1556651536,1561247330,1558746223,1561247264,41.66.199.132,Male,GH
390,1,0,0,0,,Germany,en,1554487926,1563635119,1563635086,1563635119,197.156.95.71,Male,DE
201,1,0,0,0,,Kenya,en,1550667339,1563449746,1554110708,1558330899,197.232.18.53,Male,KE
745,1,0,0,0,,Ghana,en,1557262916,1557263137,0,1557262916,154.160.24.119,Male,GH
758,1,0,0,0,,Nigeria,en,1556655612,1559626591,1556655612,1559624066,197.210.46.142,Male,NG
746,1,0,0,0,,Ghana,en,0,0,0,0,,Male,GH
742,1,0,0,0,,Ghana,en,1556698586,1558054712,1557899237,1558049229,102.176.65.136,Male,GH
757,1,0,0,0,,Nigeria,en,1556650490,1562274688,1561473554,1562273739,197.210.52.22,Male,NG
762,1,0,0,0,,Ethiopia,en,0,0,0,0,,Male,ET
763,1,0,0,0,,Nigeria,en,0,0,0,0,,Male,NG
767,1,0,0,0,,Kenya,en,0,0,0,0,,Female,KE
741,1,0,0,0,,Ghana,en,1556639622,1556640796,0,1556639622,41.242.136.81,Male,GH
743,1,0,0,0,,Nigeria,en,1556642670,1556643203,0,1556642670,129.205.112.134,Female,NG
750,1,0,0,0,,Ghana,en,1556687734,1556765865,1556687734,1556761553,156.38.123.221,Male,GH
764,1,0,0,0,,Ghana,en,1556703706,1556708297,0,1556703706,41.204.44.10,Male,GH
761,1,0,0,0,,"Tanzania, UNITED REPUBLIC OF",en,0,0,0,0,,Male,TZ
773,1,0,0,0,,Nigeria,en,0,0,0,0,,Male,NG
7,1,0,0,0,,Germany,en,1548496355,1563359130,1563358989,1563359040,154.160.9.83,Male,DE
747,1,0,0,0,,Ghana,en,1556637629,1562190647,1559004772,1562190442,41.223.72.15,Female,GH
411,1,0,0,0,,Ghana,en,1556127428,1556968995,1556819425,1556968267,197.255.127.159,Male,GH
347,1,0,0,0,,Kenya,en,1552557331,1558953990,1557928196,1558951228,41.80.166.135,Male,KE
800,1,0,0,0,,Rwanda,en,0,0,0,0,,Female,RW
912,1,0,0,0,,Zimbabwe,en,0,0,0,0,,Female,ZW
756,1,0,0,0,,Nigeria,en,1556637600,1556638202,0,1556637600,129.205.112.130,Male,NG
549,1,0,0,0,,Ghana,en,1556294819,1562467515,1557278946,1562467378,154.160.3.127,Male,GH
25,1,0,0,0,,Germany,en,1549578691,1563582394,1563211210,1563581989,183.83.70.71,Male,DE
803,1,0,0,0,,Nigeria,en,0,0,0,0,,Male,NG
804,1,0,0,0,,Ghana,en,0,0,0,0,,Female,GH
802,1,0,0,0,,Nigeria,en,1557608905,1558186227,1557608905,1558185583,197.255.118.131,Male,NG
607,1,0,0,0,,Nigeria,en,1556113224,1564053542,1563475171,1564051129,41.215.245.151,Female,NG
913,1,0,0,0,,Ghana,en,1558887110,1558887254,0,1558887110,41.66.202.18,Male,GH
893,1,0,0,0,,Niger,en,1558022541,1558024765,0,1558022541,197.210.61.136,Male,NE
894,1,0,0,0,,Ghana,en,0,0,0,0,,Female,GH
752,1,0,0,0,,Kenya,en,1556643481,1556644025,0,1556643481,154.76.87.249,Female,KE
464,1,0,0,0,,Rwanda,en,1556356443,1562683074,1562068242,1562682690,197.157.155.139,Male,RW
102,1,0,0,0,,Togo,en,1550331473,1556733539,1556627639,1556731889,146.230.0.1,Male,TG
801,1,0,0,0,,Rwanda,en,1558434444,1558447523,1558434444,1558447523,41.242.142.194,Male,RW
828,1,0,0,0,,Ghana,en,1557735592,1557736818,0,1557735592,41.66.226.12,Male,GH
814,1,0,0,0,,Kenya,en,1559075308,1559075590,0,1559075308,102.166.37.81,Male,KE
885,1,0,0,0,,Ghana,en,1558098932,1558099214,0,1558098932,197.251.229.242,Female,GH
827,1,0,0,0,,Nigeria,en,0,0,0,0,,Male,NG
809,1,0,0,0,,Ghana,en,1557653501,1557654090,0,1557653501,154.160.21.94,Female,GH
810,1,0,0,0,,Ghana,en,0,0,0,0,,Female,GH
811,1,0,0,0,,Kenya,en,0,0,0,0,,Female,KE
816,1,0,0,0,,Nigeria,en,0,0,0,0,,Male,NG
819,1,0,0,0,,"Tanzania, UNITED REPUBLIC OF",en,0,0,0,0,,Female,TZ
820,1,0,0,0,,Kenya,en,0,0,0,0,,Female,KE
821,1,0,0,0,,Somalia,en,0,0,0,0,,Male,SO
822,1,0,0,0,,Ghana,en,0,0,0,0,,Female,GH
823,1,0,0,0,,Kenya,en,0,0,0,0,,Female,KE
824,1,0,0,0,,Ghana,en,0,0,0,0,,Female,GH
830,1,0,0,0,,Nigeria,en,1557604787,1558004517,1557604787,1558003154,197.210.55.122,Male,NG
829,1,0,0,0,,Ghana,en,0,0,0,0,,Male,GH
815,1,0,0,0,,Ghana,en,1557640295,1557669795,1557658988,1557669795,41.66.203.1,Male,GH
831,1,0,0,0,,Ghana,en,0,0,0,0,,Male,GH
832,1,0,0,0,,Ghana,en,0,0,0,0,,Female,GH
833,1,0,0,0,,Kenya,en,0,0,0,0,,Male,KE
835,1,0,0,0,,Ghana,en,0,0,0,0,,Female,GH
817,1,0,0,0,,Nigeria,en,1558953389,1558953937,0,1558953389,41.184.88.189,Male,NG
813,1,0,0,0,,Kenya,en,1558951339,1558955526,0,1558951339,154.122.9.118,Female,KE
826,1,0,0,0,,Ghana,en,1557604229,1557772350,1557604229,1557772350,154.160.20.158,Female,GH
863,1,0,0,0,,Ghana,en,0,0,0,0,,Female,GH
846,1,0,0,0,,Nigeria,en,1557658988,1559347647,1558948033,1559347647,197.210.45.20,Male,NG
179,1,0,0,0,,Mali,en,1550538606,1563197824,1553418423,1563197824,217.64.103.77,Male,ML
808,1,0,0,0,,Ghana,en,0,0,0,0,,Male,GH
774,1,0,0,0,,Ethiopia,en,0,0,0,0,,Male,ET
848,1,0,0,0,,Nigeria,en,1561099323,1561100635,0,1561099323,105.112.98.4,Male,NG
776,1,0,0,0,,Botswana,en,0,0,0,0,,Female,BW
778,1,0,0,0,,Rwanda,en,0,0,0,0,,Male,RW
779,1,0,0,0,,Gambia,en,0,0,0,0,,Male,GM
781,1,0,0,0,,Ethiopia,en,0,0,0,0,,Male,ET
782,1,0,0,0,,Malawi,en,0,0,0,0,,Male,MW
837,1,0,0,0,,Ghana,en,0,0,0,0,,Female,GH
839,1,0,0,0,,Ghana,en,0,0,0,0,,Male,GH
841,1,0,0,0,,Ghana,en,0,0,0,0,,Male,GH
845,1,0,0,0,,Ghana,en,0,0,0,0,,Male,GH
850,1,0,0,0,,Togo,en,0,0,0,0,,Male,TG
840,1,0,0,0,,Ghana,en,1557604475,1557604613,0,1557604475,41.215.171.173,Male,GH
777,1,0,0,0,,Rwanda,en,1557691216,1557693778,0,1557691216,41.138.87.72,Male,RW
775,1,0,0,0,,Ethiopia,en,1557754358,1557842151,1557825841,1557826626,197.156.68.61,Male,ET
843,1,0,0,0,,Nigeria,en,1557738351,1557873302,1557860585,1557873302,41.203.78.149,Female,NG
849,1,0,0,0,,Kenya,en,1557728995,1557735438,0,1557728995,105.54.100.226,Female,KE
780,1,0,0,0,,Gambia,en,1557606965,1557665250,1557611200,1557665250,197.231.205.11,Male,GM
847,1,0,0,0,,Ghana,en,1557656952,1557675298,1557656952,1557675024,41.57.212.68,Male,GH
916,1,0,0,0,,"Tanzania, UNITED REPUBLIC OF",en,0,0,0,0,,Female,TZ
795,1,0,0,0,,Ghana,en,1557733100,1559233550,1557733100,1559233550,129.122.16.102,Male,GH
787,1,0,0,0,,Kenya,en,0,0,0,0,,Female,KE
788,1,0,0,0,,Zimbabwe,en,0,0,0,0,,Female,ZW
480,1,0,0,0,,Nigeria,en,1556113952,1563203198,1558667151,1563203198,41.203.78.30,Male,NG
790,1,0,0,0,,Nigeria,en,0,0,0,0,,Male,NG
793,1,0,0,0,,Burkina Faso,en,1557730465,1557730815,0,1557730465,41.138.102.83,Male,BF
792,1,0,0,0,,Rwanda,en,0,0,0,0,,Female,RW
807,1,0,0,0,,Ghana,en,1558109014,1559890802,1558109014,1559890728,41.204.44.248,Female,GH
818,1,0,0,0,,Nigeria,en,1557786474,1559169153,1557786474,1559168659,197.210.52.245,Male,NG
838,1,0,0,0,,Ghana,en,1557615203,1557784253,1557615203,1557783512,154.160.24.50,Male,GH
796,1,0,0,0,,Nigeria,en,1557609055,1562499358,1561245478,1562499187,197.210.226.27,Male,NG
805,1,0,0,0,,Nigeria,en,0,0,0,0,,Male,NG
806,1,0,0,0,,Ghana,en,0,0,0,0,,Female,GH
786,1,0,0,0,,Nigeria,en,1557651391,1558954119,1557651391,1558945207,105.112.50.219,Female,NG
812,1,0,0,0,,Nigeria,en,0,0,0,0,,Male,NG
836,1,0,0,0,,Ghana,en,0,0,0,0,,Female,GH
799,1,0,0,0,,Ghana,en,1557736586,1557737024,0,1557736586,154.160.27.109,Female,GH
785,1,0,0,0,,Nigeria,en,1557679707,1558950119,1557679842,1558950119,197.210.226.160,Male,NG
784,1,0,0,0,,"Tanzania, UNITED REPUBLIC OF",en,1557744392,1557744554,0,1557744392,41.75.220.40,Male,TZ
789,1,0,0,0,,Rwanda,en,1557650063,1558078166,1557650063,1558074601,102.146.200.198,Male,RW
834,1,0,0,0,,Ghana,en,1557645737,1557646221,0,1557645737,154.160.19.60,Male,GH
791,1,0,0,0,,Chad,en,1557647546,1557647546,0,1557647546,197.239.81.2,Male,TD
798,1,0,0,0,,Nigeria,en,1557605126,1557679917,1557661455,1557679670,197.210.53.124,Male,NG
852,1,0,0,0,,Nigeria,en,0,0,0,0,,Male,NG
853,1,0,0,0,,Ghana,en,0,0,0,0,,Male,GH
881,1,0,0,0,,"Tanzania, UNITED REPUBLIC OF",en,1558006960,1558007353,0,1558006960,41.93.80.34,Male,TZ
317,1,0,0,0,,Nigeria,en,1552620793,1563223208,1556576628,1563223208,105.112.44.180,Male,NG
878,1,0,0,0,,Ethiopia,en,1558008960,1558022934,1558008960,1558022731,197.156.111.165,Male,ET
50,1,0,0,0,,Ghana,en,1549720778,1557805123,1555100393,1557804007,154.160.11.186,Male,GH
866,1,0,0,0,,Ghana,en,1558014333,1559031713,1558968232,1559031611,154.160.18.225,Male,GH
884,1,0,0,0,,Kenya,en,0,0,0,0,,Male,KE
870,1,0,0,0,,Ethiopia,en,1558008615,1558008997,1558008615,1558008909,213.55.79.49,Female,ET
897,1,0,0,0,,Nigeria,en,1558894427,1559054447,1558894427,1559054370,105.112.46.28,Male,NG
1002,1,0,0,0,,Nigeria,en,1562581960,1562836355,1562581960,1562835996,105.112.55.147,Male,NG
868,1,0,0,0,,Ghana,en,0,0,0,0,,Female,GH
871,1,0,0,0,,Nigeria,en,0,0,0,0,,Male,NG
874,1,0,0,0,,Uganda,en,0,0,0,0,,Female,UG
875,1,0,0,0,,Kenya,en,0,0,0,0,,Male,KE
876,1,0,0,0,,Nigeria,en,0,0,0,0,,Female,NG
877,1,0,0,0,,Kenya,en,0,0,0,0,,Female,KE
880,1,0,0,0,,Ethiopia,en,0,0,0,0,,Male,ET
882,1,0,0,0,,Nigeria,en,0,0,0,0,,Female,NG
883,1,0,0,0,,Kenya,en,0,0,0,0,,Female,KE
879,1,0,0,0,,Ghana,en,1558044435,1558997663,1558909875,1558997176,41.242.136.45,Male,GH
867,1,0,0,0,,Ghana,en,1558028117,1558529250,1558450560,1558528608,102.176.89.70,Male,GH
856,1,0,0,0,,Nigeria,en,1557661425,1558972749,1558206165,1558972596,41.58.126.125,Male,NG
854,1,0,0,0,,Nigeria,en,1557906020,1557906564,0,1557906020,154.66.45.137,Female,NG
855,1,0,0,0,,Ghana,en,0,0,0,0,,Female,GH
857,1,0,0,0,,Nigeria,en,0,0,0,0,,Male,NG
858,1,0,0,0,,Ghana,en,0,0,0,0,,Female,GH
859,1,0,0,0,,Nigeria,en,0,0,0,0,,Female,NG
860,1,0,0,0,,Nigeria,en,0,0,0,0,,Male,NG
886,1,0,0,0,,Nigeria,en,0,0,0,0,,Male,NG
861,1,0,0,0,,"Congo, Democratic Republic of the",en,1557779845,1557780225,0,1557779845,197.157.209.7,Male,CD
895,1,0,0,0,,Ghana,en,1558038430,1558038904,0,1558038430,154.160.16.212,Female,GH
825,1,0,0,0,,Ghana,en,1557603611,1557604012,0,1557603611,102.176.65.50,Male,GH
862,1,0,0,0,,Nigeria,en,1557608087,1557611046,0,1557608087,197.210.62.69,Male,NG
892,1,0,0,0,,Ghana,en,1558002042,1558002042,0,1558002042,154.160.16.146,Female,GH
891,1,0,0,0,,Sierra Leone,en,1558002871,1558002871,0,1558002871,197.215.29.103,Male,SL
890,1,0,0,0,,Ghana,en,1558101624,1558102393,0,1558101624,41.66.199.103,Female,GH
844,1,0,0,0,,Ghana,en,1557611278,1557838940,1557655293,1557833604,197.255.119.28,Male,GH
889,1,0,0,0,,Ghana,en,1558004236,1558005838,0,1558004236,41.66.203.78,Female,GH
888,1,0,0,0,,Kenya,en,1558112809,1558113644,0,1558112809,154.123.154.230,Female,KE
851,1,0,0,0,,Nigeria,en,1557609104,1558021164,1557609104,1558021164,2605:3e80:700:10:0:0:0:5740,Male,NG
887,1,0,0,0,,Ghana,en,1558380911,1558382267,0,1558380911,41.215.173.6,Female,GH
898,1,0,0,0,,Nigeria,en,0,0,0,0,,Female,NG
899,1,0,0,0,,"Tanzania, UNITED REPUBLIC OF",en,0,0,0,0,,Male,TZ
900,1,0,0,0,,Ethiopia,en,0,0,0,0,,Male,ET
901,1,0,0,0,,Gambia,en,0,0,0,0,,Female,GM
902,1,0,0,0,,Ethiopia,en,0,0,0,0,,Female,ET
905,1,0,0,0,,Ethiopia,en,0,0,0,0,,Female,ET
906,1,0,0,0,,Ghana,en,0,0,0,0,,Male,GH
907,1,0,0,0,,Nigeria,en,0,0,0,0,,Male,NG
909,1,0,0,0,,"Tanzania, UNITED REPUBLIC OF",en,0,0,0,0,,Male,TZ
904,1,0,0,0,,Nigeria,en,1558942240,1558942338,0,1558942240,197.210.52.232,Female,NG
946,1,0,0,0,,Ghana,en,1560725778,1560785719,1560725778,1560785106,41.215.173.57,Female,GH
915,1,0,0,0,,Ethiopia,en,0,0,0,0,,Female,ET
989,1,0,0,0,,Ethiopia,en,1562587263,1563714465,1563365520,1563714105,196.188.157.41,Male,ET
351,1,0,0,0,,Kenya,en,1561046679,1563517968,1563466173,1563514036,41.57.99.123,Male,KE
910,1,0,0,0,,Ghana,en,1558891833,1558893130,0,1558891833,154.160.16.62,Male,GH
908,1,0,0,0,,Nigeria,en,1559204259,1559216878,1559204259,1559216878,197.156.86.78,Male,NG
145,1,0,0,0,,Nigeria,en,1550331898,1558943718,1553286162,1558943718,41.203.72.228,Male,NG
427,1,0,0,0,,Ethiopia,en,1558984804,1562330869,1559024123,1562322569,196.191.127.75,Male,ET
930,1,0,0,0,,"Congo, Democratic Republic of the",en,1560761880,1563875236,1563784490,1563875167,27.7.146.206,Male,CD
911,1,0,0,0,,Ghana,en,1559068562,1559074911,1559068562,1559071724,154.160.27.92,Male,GH
842,1,0,0,0,,Nigeria,en,1557614402,1560630488,1559259359,1560630488,197.210.53.30,Male,NG
914,1,0,0,0,,Ghana,en,1558942846,1558947484,0,1558942846,154.160.22.78,Female,GH
1007,1,0,0,0,,Uganda,en,1562663713,1562785609,1562663713,1562785609,102.80.32.233,Male,UG
953,1,0,0,0,,Ghana,en,1560781290,1560781731,0,1560781290,41.79.97.5,Female,GH
126,1,0,0,0,,CTE D'IVOIRE,en,1550473243,1559948393,1557697694,1559948267,41.66.28.104,Male,CI
959,1,0,0,0,,Ghana,en,1560717991,1560779379,1560717991,1560779009,197.220.169.146,Female,GH
957,1,0,0,0,,Ghana,en,1560982466,1560982721,0,1560982466,154.160.5.186,Female,GH
923,1,0,0,0,,Ghana,en,0,0,0,0,,Male,GH
948,1,0,0,0,,Ethiopia,en,0,0,0,0,,Male,ET
950,1,0,0,0,,Kenya,en,0,0,0,0,,Male,KE
952,1,0,0,0,,Ethiopia,en,0,0,0,0,,Female,ET
954,1,0,0,0,,Ghana,en,0,0,0,0,,Male,GH
955,1,0,0,0,,Ghana,en,0,0,0,0,,Female,GH
958,1,0,0,0,,Ghana,en,0,0,0,0,,Male,GH
960,1,0,0,0,,Kenya,en,0,0,0,0,,Male,KE
961,1,0,0,0,,Rwanda,en,0,0,0,0,,Male,RW
962,1,0,0,0,,"Tanzania, UNITED REPUBLIC OF",en,0,0,0,0,,Male,TZ
964,1,0,0,0,,Nigeria,en,1560704012,1560704012,0,1560704012,197.210.8.245,Female,NG
965,1,0,0,0,,Kenya,en,0,0,0,0,,Female,KE
966,1,0,0,0,,Ghana,en,0,0,0,0,,Male,GH
967,1,0,0,0,,Ethiopia,en,0,0,0,0,,Female,ET
968,1,0,0,0,,Niger,en,0,0,0,0,,Female,NE
970,1,0,0,0,,Rwanda,en,0,0,0,0,,Male,RW
951,1,0,0,0,,Ghana,en,1560704289,1560704583,0,1560704289,154.160.27.28,Female,GH
165,1,0,0,0,,Nigeria,en,1550362706,1563760607,1563182129,1563754418,197.210.47.238,Male,NG
945,1,0,0,0,,Ghana,en,1560784012,1561634997,1560960714,1561634997,154.160.16.27,Female,GH
925,1,0,0,0,,"Tanzania, UNITED REPUBLIC OF",en,0,0,0,0,,Female,TZ
434,1,0,0,0,,Ethiopia,en,1556132197,1563719718,1562179093,1563719718,196.188.176.77,Female,ET
927,1,0,0,0,,Nigeria,en,0,0,0,0,,Female,NG
928,1,0,0,0,,Kenya,en,0,0,0,0,,Male,KE
1009,1,0,0,0,,Nigeria,en,0,0,0,0,,Female,NG
932,1,0,0,0,,Ghana,en,0,0,0,0,,Male,GH
933,1,0,0,0,,Nigeria,en,0,0,0,0,,Male,NG
934,1,0,0,0,,Kenya,en,0,0,0,0,,Male,KE
935,1,0,0,0,,Nigeria,en,0,0,0,0,,Male,NG
936,1,0,0,0,,Kenya,en,0,0,0,0,,Female,KE
937,1,0,0,0,,Ghana,en,0,0,0,0,,Male,GH
938,1,0,0,0,,Ghana,en,0,0,0,0,,Female,GH
942,1,0,0,0,,Ghana,en,0,0,0,0,,Female,GH
944,1,0,0,0,,Ghana,en,0,0,0,0,,Male,GH
947,1,0,0,0,,Ghana,en,0,0,0,0,,Male,GH
949,1,0,0,0,,Ghana,en,0,0,0,0,,Female,GH
931,1,0,0,0,,Rwanda,en,1560874944,1560876915,0,1560874944,197.243.52.90,Female,RW
940,1,0,0,0,,Ghana,en,1560729337,1560729566,0,1560729337,102.176.94.23,Male,GH
941,1,0,0,0,,Ghana,en,1560767400,1561197460,1561196755,1561197385,41.210.25.201,Male,GH
929,1,0,0,0,,Cameroon,en,1561022671,1561023012,0,1561022671,129.0.80.250,Female,CM
926,1,0,0,0,,Zambia,en,1561067515,1561068469,0,1561067515,105.235.137.97,Female,ZM
939,1,0,0,0,,Ghana,en,1561038412,1561070960,1561038412,1561070542,41.66.202.145,Male,GH
956,1,0,0,0,,Ghana,en,0,0,0,0,,Male,GH
963,1,0,0,0,,Nigeria,en,0,0,0,0,,Male,NG
969,1,0,0,0,,Ghana,en,0,0,0,0,,Female,GH
943,1,0,0,0,,Ghana,en,1560702843,1560873471,1560850875,1560873401,164.160.240.2,Male,GH
922,1,0,0,0,,Kenya,en,1560712163,1560932298,1560712163,1560929236,197.232.61.254,Male,KE
167,1,0,0,0,,Nigeria,en,1550342290,1563475910,1562868403,1563475910,129.205.112.209,Male,NG
1015,1,0,0,0,,Ghana,en,1562584778,1562585139,0,1562584778,41.66.203.59,Male,GH
1045,1,0,0,0,,Gambia,en,0,0,0,0,,Male,GM
369,1,0,0,0,,Nigeria,en,1552558099,1564147234,1564109729,1564147053,41.203.73.38,Male,NG
996,1,0,0,0,,Kenya,en,0,0,0,0,,Male,KE
997,1,0,0,0,,Ethiopia,en,0,0,0,0,,Female,ET
998,1,0,0,0,,Kenya,en,0,0,0,0,,Male,KE
1000,1,0,0,0,,Nigeria,en,0,0,0,0,,Female,NG
1011,1,0,0,0,,"Tanzania, UNITED REPUBLIC OF",en,0,0,0,0,,Male,TZ
1012,1,0,0,0,,Kenya,en,0,0,0,0,,Male,KE
1013,1,0,0,0,,Ghana,en,0,0,0,0,,Male,GH
1014,1,0,0,0,,Togo,en,0,0,0,0,,Male,TG
1017,1,0,0,0,,Ghana,en,0,0,0,0,,Male,GH
1018,1,0,0,0,,Nigeria,en,0,0,0,0,,Male,NG
1001,1,0,0,0,,Nigeria,en,1562596916,1562603399,0,1562596916,105.112.57.33,Male,NG
999,1,0,0,0,,Ghana,en,1562665486,1562676933,1562665486,1562674224,197.251.197.160,Male,GH
290,1,0,0,0,,Ghana,en,1550350745,1562687265,1562596328,1562683710,41.210.0.87,Male,GH
65,1,0,0,0,,Nigeria,en,1549635567,1561485495,1553447514,1561484951,41.58.81.180,Male,NG
986,1,0,0,0,,Ghana,en,0,0,0,0,,Female,GH
992,1,0,0,0,,Kenya,en,1562738216,1562738844,0,1562738216,62.24.108.57,Male,KE
972,1,0,0,0,,South Africa,en,0,0,0,0,,Male,ZA
973,1,0,0,0,,Kenya,en,0,0,0,0,,Female,KE
974,1,0,0,0,,Rwanda,en,0,0,0,0,,Female,RW
975,1,0,0,0,,Ghana,en,0,0,0,0,,Female,GH
977,1,0,0,0,,Kenya,en,0,0,0,0,,Male,KE
978,1,0,0,0,,South Sudan,en,0,0,0,0,,Male,SS
979,1,0,0,0,,"Tanzania, UNITED REPUBLIC OF",en,0,0,0,0,,Female,TZ
980,1,0,0,0,,South Sudan,en,0,0,0,0,,Male,SS
981,1,0,0,0,,Liberia,en,0,0,0,0,,Male,LR
982,1,0,0,0,,Ghana,en,0,0,0,0,,Female,GH
984,1,0,0,0,,Ghana,en,0,0,0,0,,Male,GH
985,1,0,0,0,,Malawi,en,0,0,0,0,,Male,MW
988,1,0,0,0,,Ghana,en,1562656897,1562661983,0,1562656897,196.175.248.4,Female,GH
993,1,0,0,0,,Ethiopia,en,0,0,0,0,,Male,ET
994,1,0,0,0,,Nigeria,en,0,0,0,0,,Male,NG
987,1,0,0,0,,Ghana,en,1562661887,1562662285,0,1562661887,196.175.248.4,Female,GH
990,1,0,0,0,,Ghana,en,1562588679,1562594504,1562588679,1562588839,41.66.203.216,Male,GH
1003,1,0,0,0,,Kenya,en,0,0,0,0,,Male,KE
1048,1,0,0,0,,Nigeria,en,1562880523,1562880868,0,1562880523,197.210.174.199,Male,NG
1006,1,0,0,0,,Nigeria,en,1562888630,1562888854,0,1562888630,197.210.54.160,Male,NG
1008,1,0,0,0,,Ghana,en,0,0,0,0,,Female,GH
1030,1,0,0,0,,Nigeria,en,0,0,0,0,,Male,NG
1031,1,0,0,0,,Liberia,en,0,0,0,0,,Male,LR
1032,1,0,0,0,,Liberia,en,0,0,0,0,,Male,LR
631,1,0,0,0,,Sudan,en,1556126386,1562656688,1562420428,1562654784,196.202.131.163,Male,SD
1016,1,0,0,0,,Ghana,en,1562595398,1562595995,0,1562595398,154.160.18.106,Male,GH
1033,1,0,0,0,,Ghana,en,0,0,0,0,,Female,GH
1034,1,0,0,0,,Nigeria,en,0,0,0,0,,Female,NG
1035,1,0,0,0,,Nigeria,en,0,0,0,0,,Male,NG
1036,1,0,0,0,,Ghana,en,0,0,0,0,,Female,GH
1049,1,0,0,0,,Ethiopia,en,0,0,0,0,,Female,ET
1050,1,0,0,0,,Malawi,en,0,0,0,0,,Male,MW
1051,1,0,0,0,,Nigeria,en,0,0,0,0,,Female,NG
1052,1,0,0,0,,Ethiopia,en,0,0,0,0,,Male,ET
1005,1,0,0,0,,Ghana,en,1562847189,1562847607,0,1562847189,41.204.44.191,Male,GH
1010,1,0,0,0,,Ghana,en,1563487647,1564327410,1563963805,1564327410,102.176.65.77,Male,GH
581,1,0,0,0,,Kenya,en,1556110699,1564468601,1564123142,1564467934,197.248.34.66,Female,KE
1004,1,0,0,0,,Ghana,en,1562620846,1563867979,1563133346,1563865902,102.176.94.143,Male,GH
1037,1,0,0,0,,Kenya,en,0,0,0,0,,Female,KE
1038,1,0,0,0,,Ghana,en,0,0,0,0,,Male,GH
1039,1,0,0,0,,Zambia,en,0,0,0,0,,Male,ZM
1040,1,0,0,0,,"Tanzania, UNITED REPUBLIC OF",en,0,0,0,0,,Male,TZ
1042,1,0,0,0,,Nigeria,en,0,0,0,0,,Female,NG
1043,1,0,0,0,,Ghana,en,0,0,0,0,,Female,GH
1044,1,0,0,0,,Liberia,en,0,0,0,0,,Male,LR
1046,1,0,0,0,,South Sudan,en,0,0,0,0,,Female,SS
48,1,0,0,0,,Kenya,en,1549652196,1564116107,1564066269,1564112411,154.155.89.126,Female,KE
917,1,0,0,0,,Germany,en,1559310425,1564574467,1563801317,1564573629,2003:a:310:a700:60fa:c6c8:f3e:1138,Male,DE
1029,1,0,0,0,,Ethiopia,en,1562772561,1562776084,0,1562772561,196.188.157.41,Male,ET
449,1,0,0,0,,Nigeria,en,1556114803,1563435652,1562861118,1563435366,41.75.87.182,Female,NG
1041,1,0,0,0,,Ghana,en,1562889423,1563199194,1562889423,1563198941,41.66.202.133,Male,GH
1025,1,0,0,0,,Ethiopia,en,1562823176,1563443483,1563187778,1563439040,196.188.157.42,Male,ET
1028,1,0,0,0,,Ethiopia,en,1562772429,1562823006,1562772429,1562822847,196.188.157.41,Male,ET
1027,1,0,0,0,,Ethiopia,en,1562828340,1563819275,1563726708,1563812681,196.188.157.41,Male,ET
383,1,0,0,0,,Nigeria,en,1552566928,1563869852,1563719043,1563869785,197.210.47.185,Male,NG
1019,1,0,0,0,,Germany,en,1562769265,1563876961,1563865497,1563876961,2003:a:310:a700:acd6:43c6:ce75:ac86,Male,DE
1047,1,0,0,0,,Ethiopia,en,1562772971,1563003971,1562930072,1563002051,197.156.77.212,Male,ET
865,1,0,0,0,,Nigeria,en,1558032992,1564134554,1562989452,1564134554,197.210.64.130,Male,NG
246,1,0,0,0,,Ghana,en,1550503175,1564562333,1564155257,1564562333,45.222.204.26,Female,GH
